id,sku_id,description,primary_image
100187e3-9203-4bea-8753-91172429f571,00585-01,8X7X3 RSN TRI GEO ELEPHANT 2/A BLK/WHT,https://fileserver-g-p.sourcerer.tech/files/f03a06ce-4ce4-4b1a-8b41-69d951f696fd
0f8b63e1-c7df-4d7f-97e2-3e2146842f5b,671,"PAPER MACHE, 10"" EARED VASE, IVORY",
74a475fc-96a2-4e54-a739-466939b9bb4c,10483,"GARDEN STOOL, CERAMIC, PEARL SNAKE",https://fileserver-g-p.sourcerer.tech/files/7b57e93c-de00-4c50-8454-4ca3a8318ee0
f9b3eee8-8232-4709-a63c-4b8fe6a434ef,10483D,"CERAMIC GARDEN STOOL, PEARL SNAKE",https://fileserver-g-p.sourcerer.tech/files/c23e79bb-aa99-4c4b-9320-f8f4263d9d5e
e6294cfe-22c5-4827-b7b2-00d62302631b,10484,COVERED JAR CERAMIC - PEARL SNAKE,https://fileserver-g-p.sourcerer.tech/files/21154587-670c-40df-85d3-927263555cf6
d42216cb-7b46-43d8-b6a6-467c1e4a4a9c,10484D,"COVERED JAR CERAMIC, PEARL SNAKE",https://fileserver-g-p.sourcerer.tech/files/4739e94d-5f34-4fd7-a136-83312de4e91f
76a234b7-345c-4c40-8112-d77351525d18,10485,CERAMIC VASE PEARL SNAKE,https://fileserver-g-p.sourcerer.tech/files/adb9449f-0d5b-4c7a-959b-a46b5f25bbf2
e234da88-c039-4655-ae29-644ebfea89af,10485D,"CERAMIC VASE, PEARL SNAKE",https://fileserver-g-p.sourcerer.tech/files/f80fe20e-ac69-4829-90f9-a2acd23db9a7
f2a0b125-6312-4d92-99b8-7e04b2aa6a5f,10487,"CERAMIC SKULL, SILVER",https://fileserver-g-p.sourcerer.tech/files/908ceaf0-ddb3-4657-892e-0d07d14574a6
9b6b54bd-4085-4847-82fc-aaf8ad28facd,10488,"CERAMIC SHELL, PEARL",https://fileserver-g-p.sourcerer.tech/files/6335f345-c2d2-4ad2-a264-ad424fb8d6ed
3029079d-9a69-479e-af10-1b7d3e89247e,10489,GUNMETAL CERAMIC ELEPHANT,https://fileserver-g-p.sourcerer.tech/files/b5cec5a9-c299-4f81-8154-e803c1764fff
13c091bd-3e28-48fe-a165-f5aaeae6f561,10490,"CERAMIC FEATHERED BOX, BLUE",https://fileserver-g-p.sourcerer.tech/files/2f7e9699-b2b1-480b-9db7-e1de3496b597
11baaee1-ff3a-46b5-9620-b519423b5114,10491,"CERAMIC FEATHERED VASE, BLUE",https://fileserver-g-p.sourcerer.tech/files/4835f34d-2128-4a0f-abfb-c834d4d0ebd4
910305a1-ca3f-4d61-8f9d-3cd929b1afaa,10492,"CERAMIC FEATHERED VASE, BLUE",https://fileserver-g-p.sourcerer.tech/files/3c1a990a-bf01-414b-a285-ced4b2a01533
24b14139-d422-49ee-b7f6-0481206b5b1a,10493,"CERAMIC COVERED JAR, GREEN MARBLE",https://fileserver-g-p.sourcerer.tech/files/b6ba8a92-8dbe-400a-90e1-52fc9ec60a65
f50974f1-a43a-4f6a-a1f1-5c06e4bbb3b2,10493-01,"CERAMIC COVERED JAR, GRAY MARBLE",https://fileserver-g-p.sourcerer.tech/files/108faaea-3e5c-4707-86cc-a705a596835a
dcca8e86-20b7-4c5d-aea7-198f833f96c7,10494,"CERAMIC COVERED JAR, GREEN MARBLE",https://fileserver-g-p.sourcerer.tech/files/9356189d-b8a7-4b4a-86f6-135afeb4b481
1ff63349-77bd-41a1-9d4c-6fdede8267e6,10494-01,"CERAMIC COVERED JAR, GRAY MARBLE",https://fileserver-g-p.sourcerer.tech/files/458743e1-fcde-4046-8a3c-85bd8f70a750
bf7ee7f9-15fc-486b-9c6e-5d2df43d6ca5,10495,"CERAMIC TEMPLE JAR, GREEN MARBLE",https://fileserver-g-p.sourcerer.tech/files/4364d308-1536-4f02-92b4-4548ca0ae5e4
f5e99382-5d16-4674-81d1-09eb8d98864c,10496,"CERAMIC TEMPLE JAR, GREEN MARBLE",https://fileserver-g-p.sourcerer.tech/files/d3c694d6-a261-4c5c-a1af-8f5508386b1d
b0f84a33-295e-4ea1-97de-a308c50b712d,10497,GREEN MARBLE CERAMIC ELEPHANT,https://fileserver-g-p.sourcerer.tech/files/e2403b1e-5095-49c5-ba29-a2e2bf36f917
04480025-3588-4e16-9022-2225c3b15ca1,10497-01,"CERAMIC ELEPHANT FIGURINE, GRAY MARBLE",https://fileserver-g-p.sourcerer.tech/files/101699a3-d397-4565-9463-3a8da84b86cc
1700594e-9d15-4ad9-8106-31263b6ca04f,10498,"CERAMIC BOTTLE, GUN METAL",https://fileserver-g-p.sourcerer.tech/files/0da6ca86-15d8-4329-902d-498a5f9d6438
3d4e37f0-bde0-4576-9876-441629d49b6a,10498D,"CERAMIC DECORATIVE BOTTLE, GUNMETAL",https://fileserver-g-p.sourcerer.tech/files/6d60a237-41ea-40d2-9d3c-b498e78c256f
42a1427f-abe4-4fff-9aa7-fe40d1225f8a,10499,"CERAMIC BOTTLE, GUN METAL",https://fileserver-g-p.sourcerer.tech/files/233ba579-c0c9-46ab-8aab-01c915b2248b
c51f3b08-2783-4e68-9edb-a6d12563a743,10499D,"CERAMIC DECORATIVE BOTTLE, GUNMETAL",https://fileserver-g-p.sourcerer.tech/files/da7e5a64-6b47-41dc-93c2-7e8ffc09aa65
a2a32ba6-d902-4473-8a3e-e5fa7ba5f2fa,10500,"CERAMIC BOTTLE, GUN METAL",https://fileserver-g-p.sourcerer.tech/files/77c486f7-a3d2-4c8e-8274-fde04f5c3357
eb29b364-1de9-42b7-8dc1-9eff60908c9f,10500D,"CERAMIC DECORATIVE BOTTLE, GUNMETAL",https://fileserver-g-p.sourcerer.tech/files/f20e2364-3f04-41c7-addc-b758687454df
7d3100f3-d30c-4be5-9fbb-8e97af8a12eb,10501,"CERAMIC VASE, GUN METAL",https://fileserver-g-p.sourcerer.tech/files/25b50291-5fc3-40a6-aeac-f7c1ae78388f
f98920dd-650a-4dbc-9dbe-8b91cb0ae78c,10501D,"CERAMIC WIDE VASE, GUN METAL",https://fileserver-g-p.sourcerer.tech/files/68cd9685-1f10-40dd-97bf-f5d5dc89902d
aa0644f1-2a10-4cdf-9371-0ee7bd6f8519,10502,"CERAMIC MONKEY FIGURINE, GUN METAL",https://fileserver-g-p.sourcerer.tech/files/62d67114-0b45-4023-955c-45e34fbc459c
15598982-41fa-4b25-b50c-2e04935b175c,10502-01,"CERAMIC MONKEY W/ TRAY FIGURINE, WHITE",https://fileserver-g-p.sourcerer.tech/files/11b22954-f89e-4bb7-892e-0ab3e84a1cec
bcb56c39-ecec-468e-9da4-c9be219b42ce,10503,"CERAMIC VASE, PEARL",https://fileserver-g-p.sourcerer.tech/files/a1f89261-6120-4f28-8fe5-505cb6fbea9c
bdfedc02-df23-472e-8728-1ee0b11d534e,10504,"CERAMIC VASE, PEARL",https://fileserver-g-p.sourcerer.tech/files/6e22d660-f80c-4502-8077-d45c2450e46b
7090be6c-d3a9-4d9e-97f8-d00bad54dc49,10505,"CERAMIC VASE, PEARL",https://fileserver-g-p.sourcerer.tech/files/88f4eea8-9f7a-46fb-a465-af43013148b2
d6770c86-548a-4e5a-9be1-448210304724,10506,"CERAMIC VASE, PEARL",https://fileserver-g-p.sourcerer.tech/files/07b0f188-7365-4b8d-8fd3-a47ebb1086a0
9c9598ae-db01-495c-8d8b-85f612d87359,10507,"CERAMIC VASE, PEARL STRIPES",https://fileserver-g-p.sourcerer.tech/files/94c2a4c4-c76a-4cf3-8843-bcbf26f510ea
8ac6c9e0-2eeb-4873-8b86-88502f54e2a8,10507D,"CERAMIC VASE, PEARL STRIPE",https://fileserver-g-p.sourcerer.tech/files/c187b517-4c88-4d8e-8a1f-119ba458a689
6183e620-889f-4bc2-89fa-026673393088,10508,"CERAMIC VASE, PEARL STRIPES",https://fileserver-g-p.sourcerer.tech/files/011745b6-e213-4dac-9b9b-c956dfdb2b38
e1506ba6-9d39-4796-93ae-59c28f016317,10508D,"WIDE VASE, CERAMIC, PEARL STRIPE",https://fileserver-g-p.sourcerer.tech/files/d85adda9-0ff1-4c26-8836-316ea7b3f2f0
dbb96daa-ab95-4d56-a436-3ff7055a41bd,10509,"CERAMIC VASE, PEARL STRIPES",https://fileserver-g-p.sourcerer.tech/files/839e8a98-7bd1-45ad-83c8-0266cd522b5a
869335e0-9316-404d-b031-bac68f35ce71,10509D,"CERAMIC VASE, PEARL STRIPE",https://fileserver-g-p.sourcerer.tech/files/435c61b5-05c6-4a51-bc7c-ba919a528387
4a98ffd5-5d54-4d3b-919c-0459876c0ee0,10510,"CERAMIC VASE, PEARL STRIPES",https://fileserver-g-p.sourcerer.tech/files/b2cfcfef-e63a-443d-b1f7-cfa17a1d5672
b47fe9c5-9ad7-47bd-9b66-0faa3656834e,10510D,"CERAMIC VASE, PEARL STRIPE",https://fileserver-g-p.sourcerer.tech/files/8edd3e23-e78d-449f-95a3-61ee9d6cd3d2
61275a31-660d-4e9d-8dc4-d3b6c6d03b82,10511,"CERAMIC VASE, LIGHT GREEN",https://fileserver-g-p.sourcerer.tech/files/55ae7895-4a42-4440-8aea-fbf0813106eb
325512f8-bf1c-4831-9217-736f822f76cf,10512,"CERAMIC VASE, LIGHT GREEN",https://fileserver-g-p.sourcerer.tech/files/c4c6cc9a-184f-4c56-b5c1-b428272bfa50
fc2b40d6-eaa9-44a4-a083-c18c483491e1,10513,"CERAMIC VASE, LIGHT GREEN",https://fileserver-g-p.sourcerer.tech/files/9fc1fd90-eb8c-4a6c-b478-ef9ce91e70ba
9a8f8285-1800-4ed1-8c1b-d49366470fd9,10514,"CERAMIC COVERED JAR, LIGHT GREEN",https://fileserver-g-p.sourcerer.tech/files/974d46d7-70fa-46b4-9f4e-6b0ac0c027d8
0c83df31-2907-41fd-9e19-92ba5b4e9de2,10515,"CERAMIC COVERED JAR, LIGHT GREEN",https://fileserver-g-p.sourcerer.tech/files/b1b25b0b-b124-44f3-aae8-9af6766865f4
b4ad136d-b245-430e-8663-c5e774f69590,10516,"CERAMIC VASE, LIGHT GREEN",https://fileserver-g-p.sourcerer.tech/files/094aca76-410c-4247-86f5-fce474d30b5b
b90c640c-0e92-4625-8faa-bdde64ea01cb,10517,"CERAMIC VASE, LIGHT GREEN",https://fileserver-g-p.sourcerer.tech/files/33e3d70d-1613-4b09-bb2c-62c3058d9801
f91e08f6-3ed7-4b68-9d30-b597937abb32,10518,"CERAMIC VASE WITH METAL HANDLES, GUN METAL",https://fileserver-g-p.sourcerer.tech/files/37ab34a1-14c4-4e95-a34e-9953f02914d8
941a4cae-89e3-4998-8d22-59065af66a20,10519,"CERAMIC VASE WITH METAL HANDLES, GUN METAL",https://fileserver-g-p.sourcerer.tech/files/20823b8b-e79e-49c9-aef5-879501cbdf67
272d81b6-a58b-4d89-ab14-4e40bf11ce58,10520,"CERAMIC VASE WITH METAL HANDLES, GUN METAL",https://fileserver-g-p.sourcerer.tech/files/907c817e-29c4-48a5-8594-9b5382f9511e
7e6b933f-dc88-49e3-91a8-6a9ab8988e7a,10521,"CERAMIC VASE, BLACK",https://fileserver-g-p.sourcerer.tech/files/2fd3791f-143f-43e1-ac1a-c05fc5962584
1f561b1a-88b6-48e7-8df9-3b9e80bd5818,10522,"CERAMIC VASE, BLACK",https://fileserver-g-p.sourcerer.tech/files/1e465b07-0c55-470c-bcbb-96d6fda04b86
03c56463-16b5-4b2d-95db-7f7aa1720688,10523,"CERAMIC VASE, DARK RED BUTTERFLY",https://fileserver-g-p.sourcerer.tech/files/798a8e61-0d61-4d59-b1b6-8ca2eae6efff
56906c6b-9fa9-4a3d-b82a-9e9374f24f29,10524,"CERAMIC COVERED JAR, VIRIDIANGREEN",https://fileserver-g-p.sourcerer.tech/files/67a2b1e7-32b9-4fe6-bf0d-f641be062b99
e1f0a7eb-6445-4b47-be9c-01fedb9f5384,10525,"CERAMIC COVERED JAR, VIRIDIANGREEN",https://fileserver-g-p.sourcerer.tech/files/de944aac-1e54-4025-8788-47e7e5294f9e
115200c8-bd6f-433f-8941-af9bbfcccb55,10526,"CERAMIC COVERED JAR, BLUE/BRONZE",https://fileserver-g-p.sourcerer.tech/files/6549bab8-4099-4965-89b0-435f4e31b01e
bdfbdaa5-82fc-4771-9035-bd1e8276007d,10527,"CERAMIC COVERED JAR, BLUE/BRONZE",https://fileserver-g-p.sourcerer.tech/files/bc44f7b9-899b-4151-a5cb-3c4bd2bd241f
fd48c161-9eb6-4d04-95ae-46f119d3cf11,10528,"CERAMIC COVERED JAR, BLUE/BRONZE",https://fileserver-g-p.sourcerer.tech/files/8baeb645-3cff-4ac9-9918-77f2f0a4f2ae
dc6b0fce-3538-4498-9eed-181e9e31b361,10529,"CERAMIC COVERED JAR, BLUE/BRONZE",https://fileserver-g-p.sourcerer.tech/files/4dcf83ad-e9c3-443f-98ed-21cf4e8fea35
f359d0a8-95e7-457c-8b23-36b0249c8ad6,10530,"CERAMIC BOWL, BLUE/BRONZE",https://fileserver-g-p.sourcerer.tech/files/cf267b03-42f1-4117-b13f-b197f0124353
14459521-3c72-4ab6-a16a-715e5fabb11e,10531,"VASE, CERAMIC, BLUE/BRONZE",https://fileserver-g-p.sourcerer.tech/files/a7339a5a-a3d2-4877-80ec-30e616cfb910
3c4a4d8b-c920-4067-8a3e-6f836c806186,10532,"VASE, CERAMIC, BLUE/BRONZE",https://fileserver-g-p.sourcerer.tech/files/ccf35a8d-a714-4951-a02e-b618370b5a7a
e1051343-59fd-4e33-a33b-efe6b72c1c97,10533,"VASE, CERAMIC, BLUE/BRONZE",https://fileserver-g-p.sourcerer.tech/files/78e3abc8-a4a2-4839-97ce-342870312627
d5dc6098-82aa-45a9-9713-7a95a9c4797d,10534,"CERAMIC CIRCULAR CUTOUT VASE,BLACK",https://fileserver-g-p.sourcerer.tech/files/b0a44116-e284-487c-8eaa-968cffb7d58f
d18e2085-da86-4e85-a4c0-01ca924db4e7,10535,"CERAMIC CIRCULAR CUTOUT VASE,BLACK",https://fileserver-g-p.sourcerer.tech/files/271d5039-2f1e-4e20-acfa-8e67fed6aacc
de406fd8-19e6-4ac1-9c53-7300b76a85ef,10536,"CERAMIC CIRCULAR CUTOUT VASE,BLACK",https://fileserver-g-p.sourcerer.tech/files/8578f7ac-27ab-49cc-b7bb-3ce2c3c35970
989e5a52-789b-4f0c-b0b4-69d40f4ac98b,10537,"CERAMIC VASE, GUN METAL",https://fileserver-g-p.sourcerer.tech/files/ebe38665-9ea8-4eb0-96f0-cd16f3466485
cfc58e50-d9f1-4810-941e-e2912fbb5390,10538,"CERAMIC VASE, GUN METAL",https://fileserver-g-p.sourcerer.tech/files/6cb9992a-3c50-485f-9c20-0cbe1b244e9b
07961bf3-8202-41f2-8a38-07801db4c12a,10539,"CERAMIC PIPE DECOR, BLACK",https://fileserver-g-p.sourcerer.tech/files/61bcda59-0131-4d2c-a6f5-c03554df498c
9d37acbf-167e-49e0-963a-f8c9127ad697,10540,"BLACK LIGHTBULB BUD VASE 5""",https://fileserver-g-p.sourcerer.tech/files/b03f8387-b48a-483b-ad55-7c5a86073e38
a62ed174-7b92-4a07-ac6a-be29133e0d89,10541,"BLACK LIGHTBULB BUD VASE 6""",https://fileserver-g-p.sourcerer.tech/files/a5464dac-3476-4a51-b118-3cf75a2d37da
4af0a2f2-104e-43d3-94dc-08564f6d12ea,10542,"CERAMIC RECTANGULAR VASE, OMBRE ORANGE",https://fileserver-g-p.sourcerer.tech/files/f2a33b90-4d2d-4768-8668-94ffb825aa14
51b935c0-6381-4ee3-b52a-0bea95f467c2,10543,"CERAMIC RECTANGULAR VASE, OMBRE ORANGE",https://fileserver-g-p.sourcerer.tech/files/1aaa54cf-95e2-47ab-a6ea-9a2860b06cc5
d903e075-98a9-41f7-8161-991395e295b3,10544,"CERAMIC GEO DECORATIVE OBJECT,SILVER",https://fileserver-g-p.sourcerer.tech/files/926fb572-f736-4d99-800c-aeb80c36581a
6acfdc1e-58b8-4129-a31b-98d7f5e99f93,10545,"CERAMIC GEO OBJECT, BLACK",https://fileserver-g-p.sourcerer.tech/files/c3dd59ff-0f80-4fb3-8863-4a0b7ab3bdd0
e738c414-1c7f-4e3b-932a-cdd0d35467e7,10545D,"CERAMIC GEO DECORATIVE OBJECT,BLACK",https://fileserver-g-p.sourcerer.tech/files/2550cc96-d5ee-431e-912d-7f4a8cda4809
801e1c88-7c24-441b-8806-a1a61618ccb5,10546,"CERAMIC GEO DECORATIVE OBJECT,COPPER",https://fileserver-g-p.sourcerer.tech/files/30f1c47c-912b-437b-84a5-a4e5195d3d19
ad8b15da-6f6a-43a5-8d95-62dc4ee4b9e8,10547,"CERAMIC GEO OBJECT, WHITE",https://fileserver-g-p.sourcerer.tech/files/0553f819-d6ea-4943-a6a6-2e3c37e68ac7
5e8da2e4-f608-40e5-b353-aeb44aa1f60b,10547D,"GEO DECORATIVE OBJECT, CERAMIC, GLOSS WHITE",https://fileserver-g-p.sourcerer.tech/files/f9966c67-d8ef-40cb-ae96-c691faff338b
6e6553f4-198e-4a6b-8681-450f732da234,10548,"CERAMIC DECORATIVE VASE, SILVER",https://fileserver-g-p.sourcerer.tech/files/0540bc56-6bc5-45d6-b6aa-29f4be5f6517
115fd105-2578-42eb-86fc-c9a5336838bc,10549,"CERAMIC DECORATIVE VASE, SILVER",https://fileserver-g-p.sourcerer.tech/files/a9fd1446-a9ac-460f-9aeb-bc4b6659268b
2bb2d50d-81d2-49ee-9991-a8fa77db608c,10550,SILVER CERAMIC BINOCULARS,https://fileserver-g-p.sourcerer.tech/files/1f5ba36b-fe96-48bc-8574-01ab525f5fcf
c6eae6db-d82d-4fe1-889d-c3b1a2bf2000,10551,SILVER CERAMIC SHOE,https://fileserver-g-p.sourcerer.tech/files/5db5a181-ca8d-474b-8577-bd664a4ccc43
ff899ae8-6235-436c-b833-3c7ed24c44f5,10552,SILVER CERAMIC BUDDHA HEAD,https://fileserver-g-p.sourcerer.tech/files/a2a86637-67cc-4c9b-83f2-7a4b21860d5a
bb08e69a-9ae3-4bf8-be91-1c28f7e6c851,10553,"CERAMIC GEO BOWL, SILVER",https://fileserver-g-p.sourcerer.tech/files/d941cb66-b891-4532-bb70-107c13e7f1c9
323bee5d-0f93-4ffc-9115-4145bb4c3cd6,10554,"CERAMIC GEO VASE, SILVER",https://fileserver-g-p.sourcerer.tech/files/1a2906e5-c1ad-404f-bea0-d4043ab5f025
d85afb8f-54d1-4d4d-8164-2f5492a4c76e,10555,"CERAMIC GEO VASE, SILVER",https://fileserver-g-p.sourcerer.tech/files/35d830f2-d1ee-4aab-a648-f71debb30fbf
13c5aabd-f47f-49d3-8c6c-faa439f93d4f,10556,"CERAMIC GARDEN STOOL, COPPER",https://fileserver-g-p.sourcerer.tech/files/f62f53f6-0227-4bea-af91-9e78db2c678e
478b1bb3-bbe3-464a-b021-403779723e0d,10557,"DECORATIVE CERAMIC COVERED JAR, BROWN",https://fileserver-g-p.sourcerer.tech/files/14635efc-42fc-44e8-a8e5-ff527ba0cbf8
0e3b0173-564c-40c6-a1e8-8f844774befe,10558,"DECORATIVE CERAMIC COVERED JAR, BROWN",https://fileserver-g-p.sourcerer.tech/files/52a47eee-fac9-42b2-abc0-793e82ebdc92
b3365157-a965-438a-a545-621d16b5ef09,10559,"DECORATIVE CERAMIC COVERED JAR, BROWN",https://fileserver-g-p.sourcerer.tech/files/6ca99a65-daeb-4ddd-9a1d-2271e158c2f5
f8652636-6fff-409e-b27b-3db9419fe8a0,10560,"DECORATIVE CERAMIC COVERED JAR, BROWN",https://fileserver-g-p.sourcerer.tech/files/13b89790-56c7-498b-a80f-1ac080376b1b
eeb97296-fe64-4d31-bc3c-1df8f8676fcc,10561,"DECORATIVE CERAMIC COVERED JAR, BROWN",https://fileserver-g-p.sourcerer.tech/files/bed7c140-82a2-4933-8c54-5f34f134a536
dac0c575-79a6-4507-8f9b-8ed6dfc01579,10562,"DECORATIVE CERAMIC COVERED JAR, BROWN",https://fileserver-g-p.sourcerer.tech/files/7e00e239-ddce-4703-b108-d2cfc868907c
900ffaa0-0fef-4052-9892-17d3f83e5f6d,10563,"DECORATIVE CERAMIC COVERED JAR, BROWN",https://fileserver-g-p.sourcerer.tech/files/9c8d4172-e19e-4d92-a32e-7df2b92dcc8c
6e65e3b1-1213-4fef-a354-0924b1a0ae02,10564,"DECORATIVE CERAMIC BANDED COVERED JAR, GREEN",https://fileserver-g-p.sourcerer.tech/files/040d848a-f858-4d71-8d30-2782b436d2d7
0375a510-a311-4b82-99b4-742182d6be52,10565,"DECORATIVE CERAMIC BANDED COVERED JAR, GREEN",https://fileserver-g-p.sourcerer.tech/files/83a35fbc-b5de-4205-8a71-11637d0fa7cd
b81affb5-4983-4ffb-97df-1ccf69c0839d,10566,"DECORATIVE CERAMIC BANDED COVERED JAR, GREEN",https://fileserver-g-p.sourcerer.tech/files/781cb74c-d53d-4f55-b150-2d7a0ae35da5
5eb95dac-5a27-4323-95e2-a4a711c6777d,10567,"DECORATIVE CERAMIC ORB, BLUE/WHITE",https://fileserver-g-p.sourcerer.tech/files/95a8d76e-4a64-4377-83fc-9a7d7b1251b3
038ad28b-78c1-48d6-ab16-d491cec002e5,10568,"DECORATIVE CERAMIC ORB, BLUE/WHITE",https://fileserver-g-p.sourcerer.tech/files/f95d94ee-3da4-49ce-8ce9-fdf2237cf31c
a6b8506d-c45e-4bfb-a01e-880bb7ef1c9a,10569,"DECORATIVE CERAMIC PITCHER, BLUE",https://fileserver-g-p.sourcerer.tech/files/b304e979-4813-4739-b946-db5b82d0e3f4
022a32f7-f650-41e6-8ce2-dc83ecd5ba2d,10570,"DECORATIVE CERAMIC VASE, BLUE",https://fileserver-g-p.sourcerer.tech/files/4c42d375-a044-4788-a07b-80fe01c53a6d
065b07b5-2344-4303-b320-ccd54f01b111,10571,"DECORATIVE CERAMIC COVERED JAR, BLUE",https://fileserver-g-p.sourcerer.tech/files/b7d89e76-80a0-419a-8192-80dc3cb1ba29
27ab4623-80b7-4b70-8d8e-b93f129f1f94,10572,"DECORATIVE CERAMIC COVERED JAR, BLUE",https://fileserver-g-p.sourcerer.tech/files/1d214e53-22d8-4c94-9268-b33f2913c1c2
80123ef6-5eab-42a3-8960-65b7f5975adc,10573,"BLUE CERAMIC PUFFER FISH 10""",https://fileserver-g-p.sourcerer.tech/files/7f3b81eb-2482-47e2-b0a4-a27c2f0eb968
af1f95d6-947c-4f3c-a3f3-03a2694efd4d,10573-01,"CERAMIC BLOWFISH FIGURINE 10"", BLUE",https://fileserver-g-p.sourcerer.tech/files/a10c5fcd-4bb0-4ca4-9443-e1a29113195f
abd43dc7-a2b9-45ac-ab19-c498da77587d,10573-03,"CERAMIC BLOWFISH 10"", BLUE",https://fileserver-g-p.sourcerer.tech/files/c5265424-9e21-4777-9ec2-32ef65483b92
af5188c1-69f2-4912-aa6c-fe9aa25e5586,10574,"BLUE CERAMIC PUFFER FISH 8""",https://fileserver-g-p.sourcerer.tech/files/d776c9a2-51f6-4bf1-a45c-fa9b441c2ac4
7b471bc5-cc4a-4aa8-bd28-86184ee93b67,10574-01,"CERAMIC BLOWFISH FIGURINE 8"", BLUE",https://fileserver-g-p.sourcerer.tech/files/dcfae1d6-08e1-4025-b7dd-fc78a257d498
a751b61c-f9d5-47f5-b2c4-f823c7e4f081,10574-03,"CERAMIC BLOWFISH 8"", BLUE",https://fileserver-g-p.sourcerer.tech/files/95131f81-9a82-4845-a14f-8a373489efdd
73a8d000-6ae9-4b38-9f58-8f8a99ecfff4,10575,"EC, BLUE CERAMIC SEASHELL, CONE",https://fileserver-g-p.sourcerer.tech/files/a60b3d57-3b66-4bb1-971d-51d1063725bd
15887a4d-7426-471a-8137-28658c954db8,10576,"BLUE CERAMIC SEASHELL, WHELK",https://fileserver-g-p.sourcerer.tech/files/5ad0c0f9-e115-4215-a21b-e43c810dc843
5bf69e52-07d6-483f-b205-d69c68f23994,10577,BLUE CERAMIC SEASHELL,https://fileserver-g-p.sourcerer.tech/files/363e274b-6b84-430b-9a44-c1b616a62f36
56738e56-c8d7-415d-b0d0-b93864cbc3a4,10578,"WHITE/BLUE CERAMIC CURVE VASE17.5""",https://fileserver-g-p.sourcerer.tech/files/30530488-ae85-473c-8927-8e5dbf2c036c
618418ff-0ffc-4006-ac97-a9d230b51781,10579,"WHITE/BLUE CERAMIC CURVE VASE11.75""",https://fileserver-g-p.sourcerer.tech/files/d9f56232-d3a2-4e7b-9c71-6d4ea936ae24
046a6052-ac60-4742-a614-ffac8c66ac9e,10580,"WHITE/BLUE CERAMIC CURVE VASE6.5""",https://fileserver-g-p.sourcerer.tech/files/cf286fa3-c7eb-4152-9b22-1b03fba0496e
c13771af-138f-489e-b943-7a09ffdc9d18,10581,"DECORATIVE CERAMIC VASE, BLUE/WHITE",https://fileserver-g-p.sourcerer.tech/files/1f114a87-f84e-4305-ad72-5ae0e1e41600
c13e226d-85bf-4ef8-9652-cc0c659fbf0e,10582,"DECORATIVE CERAMIC CORAL BOWL,ORANGE",https://fileserver-g-p.sourcerer.tech/files/278df61f-8ff6-49a5-99b1-d1c341337973
89fc599c-85bf-4a1a-8f61-73b0e52c0c3c,10583,"DECORATIVE CERAMIC CORAL PLATE, ORANGE",https://fileserver-g-p.sourcerer.tech/files/2290f8d1-537a-4bf9-aae8-e30c0c9871f6
dbd77319-295d-4327-8e8b-5be578cf64ed,10584,"CERAMIC PLANTER, GUN METAL",https://fileserver-g-p.sourcerer.tech/files/1eb4ae32-a21e-4517-ae7d-a85ff6be4f8f
e04075ec-324a-4a91-8ce2-5ffcaec13f8f,10585,"CERAMIC PLANTER, GUN METAL",https://fileserver-g-p.sourcerer.tech/files/2d8bf613-d650-4f17-962e-1d5ccda74fdd
cdec875a-066a-434c-950a-3e289fd97b6e,10586,"CERAMIC PLANTER, GUN METAL",https://fileserver-g-p.sourcerer.tech/files/97f1fa4a-48b2-4da3-b165-b32a242d6636
d02fd211-25d9-419f-b549-5f95cfd157ce,10587,"LION WALL DECOR, BRONZE",https://fileserver-g-p.sourcerer.tech/files/756485e8-bc87-45f2-816d-63e3074f47f1
2b477979-0fce-4b6f-af62-a7054c355645,10588,"MODERN CERAMIC SCULPTURE, BRONZE",https://fileserver-g-p.sourcerer.tech/files/2bdfff42-2d9c-4f46-a962-8cb0b1ea8322
307c2b27-632c-4fc9-9592-eeee6d3e5e39,10589,BRONZE CERAMIC ROPE KNOT,https://fileserver-g-p.sourcerer.tech/files/58d891e3-fe49-4ccb-9c3e-83febe87a3e1
7806a6d5-0de9-429b-8a6b-2227d462a768,10590,"GARDEN STOOL, CERAMIC, NAVY",https://fileserver-g-p.sourcerer.tech/files/13e2775f-bf1b-4c59-aab1-9e24154052cb
96f58ba4-5886-4e71-bd32-7947bc430e1e,10590D,"CERAMIC GARDEN STOOL, NAVY",https://fileserver-g-p.sourcerer.tech/files/97019d98-c76f-4cfe-a334-29c8a2acfe48
4cf3b8a9-8a42-4427-954f-90f504504ebb,10591,"DECORATIVE CERAMIC VASE, BLUE",https://fileserver-g-p.sourcerer.tech/files/191ff4e8-b7d3-454c-ab85-82c1daff8dd1
9f354013-1f43-416a-a9e9-21b211a1e064,10592,"DECORATIVE CERAMIC VASE, BLUE",https://fileserver-g-p.sourcerer.tech/files/b6d1a576-1126-4247-b24c-6a4f89b10f35
3560f1b3-67cd-4b17-acf2-3005823dac62,10593,"DECORATIVE CERAMIC VASE, BLUE",https://fileserver-g-p.sourcerer.tech/files/9851b184-c455-4613-9ac0-67e135785b01
b8708e41-cfc5-431c-ad4b-c5ae0aa41640,10594,BLUE BOOTS UMBRELLA STAND,https://fileserver-g-p.sourcerer.tech/files/f33218d5-5f36-4ced-97a1-e79768f9fa22
bf10c7b6-7e84-43ba-b2b2-db52df1d836e,10594-01,"BOOTS UMBRELLA STAND, YELLOW",https://fileserver-g-p.sourcerer.tech/files/c3e78623-a348-407d-9889-9cd4330d37d0
ac5e55c6-11a7-4b3d-bed1-ac3be0863ddf,10594-02,"CERAMIC BOOTS UMBRELLA STAND,ORANGE",https://fileserver-g-p.sourcerer.tech/files/0a213571-038b-44e1-862b-27ae4f91140a
de6e74c5-9c49-450b-ade2-83f1694b758b,10594-03,"CERAMIC BOOTS UMBRELLA STAND,PINK",https://fileserver-g-p.sourcerer.tech/files/33786a88-4413-4466-a48c-72927345d22c
98c3f530-a6e9-420f-9973-d6245b3982d0,10595,BLACK BOOTS UMBRELLA STAND,https://fileserver-g-p.sourcerer.tech/files/30a25228-b988-46f0-87a6-0f2371c9d2d5
38307b55-2973-462e-b003-a97cd883d0e7,10596,GRAY BUBBLE CERAMIC VASE,https://fileserver-g-p.sourcerer.tech/files/e738705b-08a6-497f-a235-bd92ab9701b9
dc9f2bd1-0f49-484a-a213-089fce7ee3af,10597,"DECORATIVE CERAMIC GEO VASE, GRAY",https://fileserver-g-p.sourcerer.tech/files/af7b7b59-3234-4a02-9fc2-e1e8590a39d1
f0f884fe-75d0-4ea6-b47a-d92c089cc7c9,10598,"DECORATIVE CERAMIC GEO VASE, GRAY",https://fileserver-g-p.sourcerer.tech/files/017447d8-22a7-4df0-9008-0c7ad35f2fcb
62130dd0-4f37-4746-bc33-e70ab87099cf,10599,"DECORATIVE CERAMIC MINI TEMPLEJAR, GRAY",https://fileserver-g-p.sourcerer.tech/files/443aa592-c34a-4097-8c65-9f104a6ba9a9
086be025-4dc4-4db7-a562-cb2e53ee5f8b,10600,"DECORATIVE CERAMIC MINI TEMPLEJAR, GRAY",https://fileserver-g-p.sourcerer.tech/files/3d6f6820-e7ea-4a41-bb4a-483c26fd9ee6
24284091-3930-4d21-8879-12135daba896,10601,"DECORATIVE CERAMIC VASE, CREAM",https://fileserver-g-p.sourcerer.tech/files/2e445ee0-181e-489a-a04e-194cf80b7f39
178b9e95-2149-4aa4-94c2-1c81fec13e92,10602,"DECORATIVE CERAMIC VASE, TURQUOISE",https://fileserver-g-p.sourcerer.tech/files/b712f60c-4cc5-4a86-be09-fd87a93ebc38
ec5d569f-4a30-4c46-983c-b473b36cbee1,10603,"DECORATIVE CERAMIC VASE, BLUE",https://fileserver-g-p.sourcerer.tech/files/b351876d-0454-4356-b368-60fb5575128d
598a712a-f528-4804-8fd7-13cebb696cc8,10604,"DECORATIVE CERAMIC VASE, DISTRESSED GRAY",https://fileserver-g-p.sourcerer.tech/files/6797cbbc-10af-4e98-b6c8-045332990580
ce6adc20-339b-4e6a-bf97-0a7831156d15,10605,"DECORATIVE CERAMIC VASE, DISTRESSED GRAY",https://fileserver-g-p.sourcerer.tech/files/c926aa45-ad9c-45ce-8e4e-e6c888434803
a5090e79-9d72-4671-aeb3-ebe904388608,10606,"CERAMIC SEAHORSE FIGURINE, DISTRESSED BEIGE",https://fileserver-g-p.sourcerer.tech/files/1572b336-a2e2-4f4a-b246-99d0c1629f66
550bef7d-abe6-4077-a8ea-5b4c774b7202,10607,"CERAMIC SEASHELL FIGURINE, DISTRESSED BEIGE",https://fileserver-g-p.sourcerer.tech/files/4c0fa59a-84ec-4889-be1e-d46c8ecbe096
feb1c918-5d33-4466-aaf0-8a94b06c72ce,10608,"DECORATIVE CERAMIC POPPIES VASE, BLUE/GREEN",https://fileserver-g-p.sourcerer.tech/files/d8630407-43b2-41f3-b2ca-b3c1c29a5f49
328098c1-7828-49a8-8917-9b733ee5ecbc,10609,"DECORATIVE CERAMIC POPPIES COVERED JAR, BLUE/GREEN",https://fileserver-g-p.sourcerer.tech/files/0a085973-b198-4dcb-ad03-07e82e4b89d4
697d0714-6f2b-451a-a261-94628eb38722,10610,"S/2 CERAMIC CHESS BOOKENDS, BRONZE",https://fileserver-g-p.sourcerer.tech/files/6bedb7ef-b4da-4b8c-ad0f-af90da0013fc
1e0876ed-802f-470f-ad0b-1557700c0720,10612,S/2 BLACK CHESS BOOKENDS,https://fileserver-g-p.sourcerer.tech/files/5bb7376e-bb59-43ec-bc33-a474015a8377
685a1e73-214a-433a-87e1-e1421cc3c47c,10614,"DECORATIVE CERAMIC FLARED SWIRL VASE, TURQUOISE",https://fileserver-g-p.sourcerer.tech/files/f1716d3e-b3a5-401c-9f75-ef6a4f9eb3cf
4824efa6-9851-445c-8e0a-a8c9e6e9e10d,10615,"DECORATIVE CERAMIC FLARED SWIRL VASE, TURQUOISE",https://fileserver-g-p.sourcerer.tech/files/8b12b543-1763-4e15-8550-e7cdb21dbb2d
19f6b232-97d1-416e-b44c-55be923b9d13,10616,"DECORATIVE CERAMIC FLARED SWIRL VASE, TURQUOISE",https://fileserver-g-p.sourcerer.tech/files/3472fce0-328a-494f-abe7-1279aec24c9d
41d4582b-2f1a-4623-a01b-e19c96440a92,10617,"EC, S/2 BLACK ALLIGATOR BOOKENDS",https://fileserver-g-p.sourcerer.tech/files/f1b765a0-5190-415a-8487-9f54841efb8a
d1812128-99a8-4815-98fd-d1bc3b99bdd1,10618,S/2 WHITE ALLIGATOR BOOKENDS,https://fileserver-g-p.sourcerer.tech/files/0046e500-0ddd-44e5-8aa0-1338a5bd4a74
dd62bec6-cce0-4984-b788-61ffd7502225,10619,S/2 COPPER ALLIGATOR BOOKENDS,https://fileserver-g-p.sourcerer.tech/files/311af499-18b5-4efd-8d76-9d88ad707263
7ba19a7d-24d4-48d4-80e2-b948cc987910,10620,"DECORATIVE CERAMIC VASE, BLUE",https://fileserver-g-p.sourcerer.tech/files/bcce2f13-2be2-4bef-8193-c3634833eef0
8c8dbdf3-f57e-425e-9923-2b991ec93754,10621,"DECORATIVE CERAMIC VASE, BLUE",https://fileserver-g-p.sourcerer.tech/files/df51315e-a975-4072-9b5a-69ac96b794d1
44556ffd-d6ec-477f-8e7d-092c23be51db,10622,"DECORATIVE CERAMIC VASE, BLUE",https://fileserver-g-p.sourcerer.tech/files/d79f2e67-a427-4959-bab7-ebbfd5e1331e
7b530a3b-8a05-4aa8-a3c0-3d467914f2db,10623,"DECORATIVE CERAMIC COVERED JAR, BLUE",https://fileserver-g-p.sourcerer.tech/files/7354daa7-017a-4405-8c12-b63b71823ed2
b3bf4fc7-5b7c-4e39-ae9a-1b5611b4369f,10624,"DECORATIVE CERAMIC COVERED JAR, BLUE",https://fileserver-g-p.sourcerer.tech/files/22679acb-5291-4bd2-a399-e46fcab09eeb
ab45ec13-b1e6-4541-afaa-b93b0bb6fb3f,10625,"SLEEK COPPER VASE 32.25""",https://fileserver-g-p.sourcerer.tech/files/845efc6b-b8e8-45d1-816e-07eca318a0ce
1cf81a84-0a2a-4433-b802-cfb1084174fb,10626,"SLEEK COPPER VASE 19""",https://fileserver-g-p.sourcerer.tech/files/c2f6bdfb-62fe-4aa7-9341-d5a42998323e
483434cb-d4a3-47f3-a900-87cc578bdbd4,10627,"SLEEK COPPER VASE 15.75""",https://fileserver-g-p.sourcerer.tech/files/64eb1cad-9c99-43d2-9868-84a3ed23ad90
5d5db323-3ea0-4a65-8573-a1b37ff6ee3c,10628,"DECORATIVE CERAMIC VASE, COPPER",https://fileserver-g-p.sourcerer.tech/files/658c55fa-76e8-4889-a630-ef2b9460ce7e
d8762c5e-4a97-46a9-a5c4-9f27fbe15552,10629,"DECORATIVE CERAMIC VASE, COPPER",https://fileserver-g-p.sourcerer.tech/files/c24f1e9c-6b84-4290-8016-a0069b10207f
7838e293-c8dc-4e11-aba1-2fb615cd20be,10630,"DECORATIVE CERAMIC VASE, COPPER",https://fileserver-g-p.sourcerer.tech/files/e021c9c4-265d-49a7-a584-de6ea81dc723
61ed4258-a07a-4e61-90e6-ce8fc3f243e4,10631,COPPER CERAMIC ELEPHANT,https://fileserver-g-p.sourcerer.tech/files/e3d147de-ddb3-45d7-b681-b2c906595f9c
6bcf1d33-6025-47e2-91fa-52f06c2fee87,10632,"CERAMIC PEACOCK FIGURINE, PEARL",https://fileserver-g-p.sourcerer.tech/files/cc8900e4-dd94-4454-9af6-71de6e92d7e0
be590fd4-9c90-4c68-8b2d-d7222621e705,10633,"DECORATIVE CERAMIC SEA URCHINCOVERED JAR, BEIGE",https://fileserver-g-p.sourcerer.tech/files/ed8c2de0-0a40-4930-b570-4bfe19843cc1
1e881633-8662-48a6-8223-4fd2eb815efb,10634,"DECORATIVE CERAMIC SEA URCHINCOVERED JAR, BEIGE",https://fileserver-g-p.sourcerer.tech/files/f7e26069-c5b9-495d-8fb1-08280e6cad23
c20dd90d-1fec-49e1-99a8-7e1f826c8512,10635,"DECORATIVE CERAMIC SEA URCHINVASE, BEIGE",https://fileserver-g-p.sourcerer.tech/files/e011e7e3-470c-49c7-b432-a916ca0556c4
90b36443-1c26-410a-8b43-87ca13d2e147,10636,"DECORATIVE CERAMIC SEA URCHINVASE, BEIGE",https://fileserver-g-p.sourcerer.tech/files/14b634b5-a3ed-4e56-9976-b75ac2a2fb5c
66101965-7bd5-481b-996c-e618ded96878,10637,"DECORATIVE CERAMIC SEA URCHINORB, BEIGE",https://fileserver-g-p.sourcerer.tech/files/3403f49c-8099-472f-911c-7eead974eb84
457fb11c-c274-490a-b0bf-a1a3747f3a57,10638,"DECORATIVE CERAMIC MONKEY FIGURINE, BRONZE",https://fileserver-g-p.sourcerer.tech/files/d303b090-b497-406f-9143-05706ae12b3a
70fa2a9d-cb1c-494e-9334-9154ecc49082,10639,"DECORATIVE CERAMIC VASE, PEARL",https://fileserver-g-p.sourcerer.tech/files/df6a82f1-233c-4780-b6d9-e2ceb6412f59
a7ae0005-f13c-49df-baef-e8b94cbb3343,10640,"DECORATIVE CERAMIC VASE, PEARL",https://fileserver-g-p.sourcerer.tech/files/c4daced6-7a9e-42c4-84a1-d875147d5709
2c1a249a-eed0-41c0-b830-e96b98706665,10641,"DECORATIVE CERAMIC VASE, PEARL",https://fileserver-g-p.sourcerer.tech/files/29a562e4-4ee5-4681-aecc-08ade3b2858e
0344133f-d461-49fd-a8cd-978e04e902e4,10642,"DECORATIVE CERAMIC VASE, PEARL",https://fileserver-g-p.sourcerer.tech/files/a5819885-5981-4159-b003-166c0d78a773
1cb0ed31-94e5-4d21-acb0-fc9faf9512a7,10643,"DECORATIVE CERAMIC GLIDING FISH VASE, BLUE",https://fileserver-g-p.sourcerer.tech/files/ecfa7fe0-8ec6-422d-b6f0-2736e9c966ab
012f7a3f-3250-468d-ba14-b92d60c1d545,10644,"DECORATIVE CERAMIC GLIDING FISH VASE, BLUE",https://fileserver-g-p.sourcerer.tech/files/459db3d6-1cac-44ea-b0cc-5c3599290f45
743dcfc4-84e1-407f-851f-e4ad83180e59,10645,"CERAMIC FISH FIGURINE, BLUE",https://fileserver-g-p.sourcerer.tech/files/0e51d557-e835-4848-92a7-6e6bd356fbff
69137f23-94d7-45c7-8b51-bf29813079ab,10646,"CERAMIC FISH FIGURINE, BLUE",https://fileserver-g-p.sourcerer.tech/files/1fa84ddf-6e6e-4ce1-8284-5150e6b59d69
623e4d42-a50e-4484-a39f-c2b53d5c848c,10647,"CERAMIC FISH FIGURINE, BLUE",https://fileserver-g-p.sourcerer.tech/files/b46eb333-14e6-4c9e-9a77-409c3f9fedcc
c7074fba-a51e-4f04-ae62-06ca24e4e8e0,10648,"CANDLEHOLDER, CERAMIC, BEIGE",https://fileserver-g-p.sourcerer.tech/files/fb26fb6b-3e89-45bc-9b48-da36887d10c5
2b32eb99-ea99-425c-9a23-a1e2d0700986,10648D,"CERAMIC CANDLE HOLDER, BEIGE",https://fileserver-g-p.sourcerer.tech/files/a5a61ee2-11e0-4af6-bb82-ce1d47409f8d
19148e09-097a-4f5f-905e-df8180e34ad5,10649,"CANDLEHOLDER, CERAMIC, BEIGE",https://fileserver-g-p.sourcerer.tech/files/84455ffb-6596-4556-a5c0-315f962aa93c
9fdd6314-f030-4593-abdc-1a707b0c4592,10649D,"CERAMIC CANDLE HOLDER, BEIGE",https://fileserver-g-p.sourcerer.tech/files/795afe2e-4fae-4e40-a876-ddaf967d3c75
3540a37f-bab7-4548-b0d1-93e1f0212fbe,10650,"CANDLEHOLDER, CERAMIC, BEIGE",https://fileserver-g-p.sourcerer.tech/files/eb8f7fb7-7a91-4fb7-951d-d9609ff1f9d3
6009989e-2c4d-4518-837a-c8eaa08c4538,10650D,"CERAMIC CANDLE HOLDER, BEIGE",https://fileserver-g-p.sourcerer.tech/files/7f90118c-b01d-44e8-9742-dee20da8afac
f19c9dc9-fe9c-4b29-a265-7f5511fafe79,10651,"DECORATIVE CERAMIC VASE, PEARL",https://fileserver-g-p.sourcerer.tech/files/17521a95-a6fc-4575-941e-f8a519f7c7c1
a807b61a-c047-48c1-9e93-aee179627344,10652,"DECORATIVE CERAMIC VASE, PEARL",https://fileserver-g-p.sourcerer.tech/files/90845eca-616e-4666-b18e-9565e4a88103
37b10167-1bcd-469e-9448-e6a62f78091c,10653,"DECORATIVE CERAMIC VASE, PEARL",https://fileserver-g-p.sourcerer.tech/files/a649aa3d-85c6-4983-8d6b-48b4496180fa
75c41866-1cc1-4e84-b0eb-64ad498d4018,10654,"DECORATIVE CERAMIC COVERED JAR, PEARL",https://fileserver-g-p.sourcerer.tech/files/ba8ed526-369c-4336-b034-4acf912f1391
8b6cc671-9e5d-4114-9a53-8dc92e20d7a7,10655,WHITE SCALLOPED TEMPLE JAR,https://fileserver-g-p.sourcerer.tech/files/799ddce2-5bff-4010-b31a-b8616a900e4b
f448b897-341d-4a9e-b74f-965b22f7650f,10656,"DECORATIVE CERAMIC TEMPLE JAR,WHITE",https://fileserver-g-p.sourcerer.tech/files/003d34a9-06bd-4cd7-a989-a44c306f5956
988f111a-1c11-4679-a253-22e6e99738c0,10657,"DECORATIVE CERAMIC BEADED TEMPLE JAR, BLUE",https://fileserver-g-p.sourcerer.tech/files/397d6061-19d2-4ac5-9127-d545f0fa6ac8
5aeac811-2b6c-4762-8ea0-f1ee1b90c302,10658,"DECORATIVE CERAMIC BEADED VASE, CERAMIC, BLUE",https://fileserver-g-p.sourcerer.tech/files/611813b1-c1c5-447f-957c-90cbfb2a5104
3f3fef2b-70c0-4f56-98c2-f42eee3a0aa3,10659,"DECORATIVE CERAMIC VASE, GUN METAL/ORANGE",https://fileserver-g-p.sourcerer.tech/files/dc67e9d7-af2c-412f-ac56-61aa2200a088
6c2eb0cb-9a42-453d-a558-2105945acfc1,10660,"DECORATIVE CERAMIC VASE, GUN METAL/ORANGE",https://fileserver-g-p.sourcerer.tech/files/989b2bac-bf89-4372-89fd-0997a6f5f030
d4a4ea34-bea6-4066-9459-c64fe35410c4,10661,"DECORATIVE CERAMIC VASE, GUN METAL/ORANGE",https://fileserver-g-p.sourcerer.tech/files/94bd5f79-0015-46e4-957a-acad0f859bb6
ef4f8e10-446e-4337-84ca-96052e60ce96,10662,"DECORATIVE CERAMIC VASE, GUN METAL/ORANGE",https://fileserver-g-p.sourcerer.tech/files/cfe76c4d-c20c-46ae-902b-0aef0dbe7c35
cd129ad8-90a4-48ab-beb5-bab069b12bb4,10663,"DECORATIVE CERAMIC VASE, GUN METAL/ORANGE",https://fileserver-g-p.sourcerer.tech/files/06de1bda-83a2-4ce4-a6b7-d2630145ec77
11c3cbbd-5657-4493-82ef-c15ab09b50d5,10664,"DECORATIVE CERAMIC VASE, GUN METAL/ORANGE",https://fileserver-g-p.sourcerer.tech/files/1ae41920-ffe4-453d-9a63-bb6e132410e2
e49f9532-f828-49e1-8540-6c94b67742b3,10665,"DECORATIVE CERAMIC VASE, GUN METAL",https://fileserver-g-p.sourcerer.tech/files/058c71d6-3d5b-42f7-9587-da0fdc987686
8e0a8ac4-3740-4542-8305-ddec7fe8f1b7,10666,"DECORATIVE CERAMIC VASE, GUN METAL",https://fileserver-g-p.sourcerer.tech/files/db179aff-c024-41f2-b4a1-b674ad785168
40b7c8e4-fd13-412e-87b6-ef0a016a9ce7,10667,"DECORATIVE CERAMIC VASE, GUN METAL",https://fileserver-g-p.sourcerer.tech/files/48aa5c01-1692-40be-b733-ea033fcdc89e
fea6ac68-fd95-4638-b408-828d19512adf,10668,"DECORATIVE CERAMIC COVERED JAR, BLUE",https://fileserver-g-p.sourcerer.tech/files/a8788830-c2eb-48a5-83f9-8f8b4358478f
d1842907-7b1b-45e9-bc5e-841331d2c6c4,10669,"DECORATIVE CERAMIC COVERED JAR, BLUE",https://fileserver-g-p.sourcerer.tech/files/ae84ef10-33ab-457a-bfb7-cbeaca001d44
720d4306-6efc-4624-868e-c27a6a07b83b,10670,"DECORATIVE CERAMIC FOO DOG FIGURINE, BLUE",https://fileserver-g-p.sourcerer.tech/files/9d0dcff4-f60d-4d61-917e-4bc2320c20dd
149d7f33-f26c-4fb0-9cbf-955b5be762c8,10671,"DECORATIVE CERAMIC FOO DOG FIGURINE, BRONZE",https://fileserver-g-p.sourcerer.tech/files/d35fc6db-2ee9-4a6e-8309-e6a176786025
b4ccfed4-abfd-4add-a32f-c23bcbbe749a,10672,"DECORATIVE CERAMIC FOO DOG FIGURINE, SILVER",https://fileserver-g-p.sourcerer.tech/files/a1dcb9c1-e1ee-4d3a-9e50-9cd71fbc39cc
086d9696-ce8d-4638-825a-54023e116e59,10673,"DECORATIVE CERAMIC FOO DOG FIGURINE, BLUE",https://fileserver-g-p.sourcerer.tech/files/a688cb66-7a37-45df-8fb7-37d72d520f0c
e658dc04-d3b5-4f7e-bad1-9ab74d43a3ba,10674,"DECORATIVE CERAMIC FOO DOG FIGURINE, BRONZE",https://fileserver-g-p.sourcerer.tech/files/ce6609b8-6bc5-4936-85f9-dd67285138b7
2b7eb469-0c49-4b7a-b8bd-d05db59402b4,10675,"DECORATIVE CERAMIC FOO DOG FIGURINE, SILVER",https://fileserver-g-p.sourcerer.tech/files/eed3fdf6-880f-462e-b9bf-7912ac760ea7
7467f8e3-ca40-41df-a758-5cebd91b7d39,10676,"DECORATIVE CERAMIC RHINO FIGURINE, TURQUOISE",https://fileserver-g-p.sourcerer.tech/files/aa40c851-728f-4b64-a841-accc63e0fb57
720b2d32-86d0-40f6-9999-97533fa300f4,10677,"DECORATIVE CERAMIC STANDING DOG FIGURINE, WHITE",https://fileserver-g-p.sourcerer.tech/files/4ddfa29f-0c32-4862-98b2-66355ccd7445
8d46de21-3666-408c-83c1-95e6fd0c33df,10678,"DECORATIVE CERAMIC SITTING DOGFIGURINE, WHITE",https://fileserver-g-p.sourcerer.tech/files/8654316e-ff2a-4c96-bf15-578c1a979d90
f016763e-ae90-405b-b5d8-30aafd8c46df,10679,"DECORATIVE CERAMIC STANDING DOG FIGURINE, BLACK",https://fileserver-g-p.sourcerer.tech/files/f046e0c0-3352-4372-a81b-79cb7db3170d
9ffeb783-a38f-47ae-890a-c889a84a1c96,10680,"DECORATIVE CERAMIC SITTING DOGFIGURINE, BLACK",https://fileserver-g-p.sourcerer.tech/files/3a991c0d-05e9-45d3-85e1-4713368db9c3
aa2915ca-66f5-4897-8f37-ef3283fd4371,10681,WHITE CERAMIC CACTUS FIGURINE,https://fileserver-g-p.sourcerer.tech/files/709bc85a-8cac-4d49-a3a4-785df99a6b5e
c3fb2699-11f4-4d7b-8c5f-77fedbb836db,10682,SILVER CERAMIC CACTUS FIGURINE,https://fileserver-g-p.sourcerer.tech/files/54f55419-f515-480a-9e79-57e44effa882
8f028383-92fb-427a-a517-f57d7eec1439,10683,"DECORATIVE CERAMIC VASE, PEARL",https://fileserver-g-p.sourcerer.tech/files/8fbc5031-3fa1-4e2b-bc99-9a944418f938
f1cd3d47-4c00-47bc-93f7-aeb1224d52ef,10684,"DECORATIVE CERAMIC VASE, PEARL",https://fileserver-g-p.sourcerer.tech/files/1da9dafd-19a0-4a64-80e7-ef95423356c4
41431bbe-24ef-4887-86ed-fe760aae0476,10685,"DECORATIVE CERAMIC VASE, PEARL",https://fileserver-g-p.sourcerer.tech/files/fe4f053c-d5cd-482e-b08c-1e6f4c03921f
128ac9b1-989b-493c-bf1a-d143798b285d,10686,"DECORATIVE CERAMIC VASE, PEARL",https://fileserver-g-p.sourcerer.tech/files/b98b8983-0812-437b-b4ce-a14b1d229194
4798b8ad-6075-457e-a4c3-97969271d0b5,10687,"DECORATIVE CERAMIC VASE, PEARL",https://fileserver-g-p.sourcerer.tech/files/c19557b4-823b-4006-929c-b9afa1e60197
a3f1e407-89f6-4634-980b-a0f8dbdaaca2,10688,"DECORATIVE CERAMIC TEMPLE JAR,IVORY",https://fileserver-g-p.sourcerer.tech/files/9e809700-28d5-4feb-829a-df2f9bf8ba61
fdddb004-56a3-4153-9366-efce95850590,10689,"DECORATIVE CERAMIC TEMPLE JAR,IVORY",https://fileserver-g-p.sourcerer.tech/files/3fbafcfc-d1a8-4ca0-93aa-772cc6250648
cc449e57-8c90-4545-8c87-a5ea18d29c1f,10690,"DECORATIVE CERAMIC TEMPLE JAR,BRONZE",https://fileserver-g-p.sourcerer.tech/files/a93c16b6-732f-4e81-8c2c-be8d124a8627
7e4363c1-af85-4d2e-a18b-1d8f1229f8ef,10691,"DECORATIVE CERAMIC TEMPLE JAR,BRONZE",https://fileserver-g-p.sourcerer.tech/files/659ff6e6-ff55-42a2-b06d-428f4e781acd
a4da2847-ccfd-4b17-94aa-8598ceff0b31,10692,"CERAMIC SPIDER FIGURINE, DISTRESSED BLACK",https://fileserver-g-p.sourcerer.tech/files/bd42803e-0a08-4b9f-8386-dc0524baa167
5e85d161-5db1-43aa-a8d9-a59e403f8444,10693,"CERAMIC TURTLE FIGURINE, DISTRESSED BLACK",https://fileserver-g-p.sourcerer.tech/files/c20fbfd0-1db8-4d09-83d8-8c6aaa50d4a3
70b8b9b0-9a98-4351-92ed-b184463f1cc7,10694,"DECORATIVE CERAMIC VASE, MULTICOLOR",https://fileserver-g-p.sourcerer.tech/files/1a6f0a46-ba1b-4613-a8df-8580e27a7ff9
c8c480e5-8c5d-4fcb-9bc6-ca3be0a33c3f,10695,"DECORATIVE CERAMIC VASE, BRONZE",https://fileserver-g-p.sourcerer.tech/files/5bd8dbc0-67bb-4516-bdd2-d47d0cebdf9b
c10379f0-1195-44c2-ba9e-66ce414c0937,10696,"DECORATIVE CERAMIC VASE, BRONZE",https://fileserver-g-p.sourcerer.tech/files/c5af8945-f9cb-459f-ba66-6ff80ef9223f
4beaf110-cc1a-4eb7-a226-eea2c3686673,10697,"DECORATIVE CERAMIC PLATE, PEARL GRAY",https://fileserver-g-p.sourcerer.tech/files/3ab6bdb7-de16-4de0-a818-957559604649
acdcf68c-ddeb-4080-974c-58307f59cb17,10698,"BRONZE/GRAY STONE VASE 23""",https://fileserver-g-p.sourcerer.tech/files/d43b4199-1ca6-49e8-8afe-573767d1bfb6
f5cde2fa-6561-4310-95c6-77b349329ae5,10699,"BRONZE/GRAY STONE VASE 19.75""",https://fileserver-g-p.sourcerer.tech/files/21cf1b85-babd-4984-beca-d23e23763ede
45dcfa87-c3d9-4f8e-b26b-64ba4f857827,10700,"BRONZE/GRAY STONE VASE 17""",https://fileserver-g-p.sourcerer.tech/files/67461572-de14-482e-bfad-54b5aa1454a4
0c48a2e4-677f-4994-872b-106cfba0c888,10701,"CERAMIC HORSE FIGURINE, GRAY/BRONZE",https://fileserver-g-p.sourcerer.tech/files/39dd92cc-4802-45eb-86ef-2de13c531aea
61000ce0-5548-4b77-9616-4cd845479c46,10702,"CERAMIC WHALE FIGURINE, GRAY/BRONZE",https://fileserver-g-p.sourcerer.tech/files/555c1a9b-ecb7-4d15-85e4-e038fe2d354d
65dfbd6a-9f3c-4c69-95f6-7fc0d172b69e,10703,"DECORATIVE CERAMIC VASE, PEARL/BROWN SNAKE",https://fileserver-g-p.sourcerer.tech/files/ad9b38b0-3ae1-4dd6-aba6-f5c31a74c7b4
b6b773e8-d64e-4392-973e-dda18cc03a1c,10704,"SNAKESKIN CERAMIC VASE 29""",https://fileserver-g-p.sourcerer.tech/files/d53ab87a-7200-44fe-aee7-6ee96fb72c3b
9ef1375e-560c-4458-a087-3839d4b4b60c,10705,"SNAKESKIN CERAMIC VASE, 32.5""",https://fileserver-g-p.sourcerer.tech/files/c4b47242-0343-4c46-8899-6f9c150dcc33
4470bbe5-db8b-42c3-b0aa-8792a8b94e61,10706,"DECORATIVE CERAMIC VASE, GOLD",https://fileserver-g-p.sourcerer.tech/files/beb66e92-9e3a-428f-9c7d-8a0038e88d18
683575dc-8bf1-437a-957f-b67e3c1a2a07,10707,"DECORATIVE CERAMIC VASE, GOLD",https://fileserver-g-p.sourcerer.tech/files/f057ff18-1cb3-45fe-8833-a6ab0f72fe24
3c01ec24-9c27-4c73-a737-d362ec75f61c,10708,"DECORATIVE CERAMIC VASE, GOLD",https://fileserver-g-p.sourcerer.tech/files/a05553be-bc2f-4835-a5de-017c063914c0
178fcff6-51eb-45e1-a143-c99769055168,10709,"DECORATIVE CERAMIC COVERED JAR, BLUE OMBRE",https://fileserver-g-p.sourcerer.tech/files/68c91b89-fcf1-4b35-a26e-a567682fa327
a8d077eb-62a9-4796-8456-b7700f1483eb,10710,BLUE OMBRE CERAMIC VASE,https://fileserver-g-p.sourcerer.tech/files/db62486d-59b7-4797-903e-af21d5c029b2
551e09d4-1689-47ed-a685-612b8f993693,10711,"DECORATIVE CERAMIC JAR, BLUE OMBRE",https://fileserver-g-p.sourcerer.tech/files/7074d4e6-f48a-4a29-b1ec-7d94cd195b3f
7ec77656-073e-488b-b6d2-29d0326f45c2,10712,BLUE OMBRE CERAMIC EGG,https://fileserver-g-p.sourcerer.tech/files/262b2d7d-75c0-4140-a64a-fb0ee59f1676
4429e660-1667-40af-8da3-717ab3f9ec1b,10713,"DECORATIVE CERAMIC VASE, GUN METAL",https://fileserver-g-p.sourcerer.tech/files/2692acab-4751-478e-a71c-990c947f9297
15afcdf9-c466-4a22-84b3-e7d7b176abe7,10714,"DECORATIVE CERAMIC VASE, GUN METAL",https://fileserver-g-p.sourcerer.tech/files/a84fab44-f22e-4aca-9170-072faaf13742
e1dc033e-8bf3-4a0d-881a-f20b8388c746,10715,"PLANTER, CERAMIC, BLUE",https://fileserver-g-p.sourcerer.tech/files/555c946c-147b-4f7c-b64d-4801641e53ef
052caee0-4426-437a-8f0a-4906911d0ced,10715D,"CERAMIC PLANTER, BLUE",https://fileserver-g-p.sourcerer.tech/files/53d61b44-8c00-4d4f-969a-033a9eebe6c7
739e1e85-b89f-4a1c-8cc3-ba033136b539,10716,"PLANTER, CERAMIC, BLUE",https://fileserver-g-p.sourcerer.tech/files/90ed29bc-c22f-48a3-91ea-9ce55a7beaed
89c83e10-5d07-47a2-a6d6-76b2adebcd76,10716D,"CERAMIC PLANTER, BLUE",https://fileserver-g-p.sourcerer.tech/files/99b21897-5225-4bec-85c0-98e02544e61d
2d1ddd9c-f0bd-43eb-825c-47479217691d,10717,"BLUE/WHITE CERAMIC HORSE 6.5""",https://fileserver-g-p.sourcerer.tech/files/e219e074-5b6f-4c83-aba3-97068bf5be9e
0348cf08-66e3-4dda-8852-e371ea9926dc,10718,BLUE/WHITE CERAMIC BIRD,https://fileserver-g-p.sourcerer.tech/files/40bc2deb-cdab-4b5a-824a-4e69e1dd669d
a9be4e1d-ab47-4b42-b597-1532870a87c2,10719,"BLUE/WHITE CERAMIC HORSE 4""",https://fileserver-g-p.sourcerer.tech/files/2fddbcca-9b7a-455a-b777-bb0ed176ba76
2b6c198a-804a-4c5b-ba26-a1c59f174e94,10720,"DECORATIVE CERAMIC GEO VASE, BLUE OMBRE",https://fileserver-g-p.sourcerer.tech/files/85955008-6ba4-4767-bab2-eeed4e3b5da8
cf867511-d42c-453b-9b11-ad79ef090cfe,10721,"DECORATIVE CERAMIC GEO VASE, BLUE OMBRE",https://fileserver-g-p.sourcerer.tech/files/6671020c-48f2-40e7-9268-cbe4ace07968
334abf65-37be-45db-bb53-f5c94806cadd,10722,"DECORATIVE CERAMIC GEO VASE, BLUE OMBRE",https://fileserver-g-p.sourcerer.tech/files/4c5742dd-fa80-47d3-b4c3-37db18317289
1f06c6dd-710d-46c1-b0cb-ca31c632eeae,10723,"DECORATIVE CERAMIC GEO VASE, BLUE OMBRE",https://fileserver-g-p.sourcerer.tech/files/19fc39ba-c0bb-4ca3-a6ed-1f0d375c398b
c279a23f-d551-4988-a3df-5a60378370c7,10724,"DECORATIVE CERAMIC GEO VASE, BLUE OMBRE",https://fileserver-g-p.sourcerer.tech/files/57a1d5e4-d8ca-4468-ae78-db8c6b92893a
f743917c-f212-484a-b734-f624ff3bd647,10725,"DECORATIVE CERAMIC VASE, BLUEOMBRE",https://fileserver-g-p.sourcerer.tech/files/ca021dd2-2d6d-4560-a52c-b3035645ef04
7f246dc2-fdeb-4b55-938b-c86303775eb4,10726,"DECORATIVE CERAMIC VASE, BLUEOMBRE",https://fileserver-g-p.sourcerer.tech/files/08e7cffa-077a-4ee0-92cb-6f62471411e6
44e7ff04-3f84-4eb1-b6c9-9d3302f16d8d,10727,"DECORATIVE CERAMIC VASE, BLUEOMBRE",https://fileserver-g-p.sourcerer.tech/files/77dc1307-93c1-4751-bda7-1991b1a48756
871683c4-5db7-4bd6-b421-82dfdc4c5628,10728,"CERAMIC GARDEN STOOL, BLUE OMBRE",https://fileserver-g-p.sourcerer.tech/files/68980351-750e-4f80-9bf2-1e7fe271c313
3a5e82bb-9264-4ae2-b1b0-68474bb6ddde,10729,"CERAMIC GARDEN STOOL, BLUE OMBRE",https://fileserver-g-p.sourcerer.tech/files/af441728-85d5-4d56-9d28-ab9a864d751b
6df5eb9e-ed5e-4189-a396-c5e7606cd69b,10730,"BRONZE CERAMIC TEALIGHT HOLDER11.25""",https://fileserver-g-p.sourcerer.tech/files/e05a8dd0-71ea-474d-b683-ad0955b787b3
b4adba27-551b-4357-a955-55c236a22a13,10731,"BRONZE CERAMIC TEALIGHT HOLDER, 12""",https://fileserver-g-p.sourcerer.tech/files/6b26bfde-3d28-471a-ab93-0d5c589b0534
39f838ec-56ab-4906-8a85-88684d11ac43,10732,"DECORATIVE CERAMIC TRIBAL COVERED JAR, TEAL",https://fileserver-g-p.sourcerer.tech/files/aaa9818d-f050-48b0-a4ce-6548006014f1
f4845780-11e7-40fd-ae5a-6d1cd6bf498a,10732-01,"DECORATIVE CERAMIC TRIBAL COVERED JAR, WHITE",https://fileserver-g-p.sourcerer.tech/files/7f84c9d3-1bb2-4d5d-bdb4-6802e6983981
96a9da53-200f-4a72-a600-b24578f3cbe5,10732-02,"TURQUOISE SQUARE TRIBAL JAR 11""",https://fileserver-g-p.sourcerer.tech/files/9425f4c7-acd7-4b53-8f57-bb353e1d0456
59e768a9-bee4-4c60-b77b-3753cde81dc4,10733,TEAL SQUARE TRIBAL JAR,https://fileserver-g-p.sourcerer.tech/files/2db6ce77-0d88-4210-9775-32b6440aab0a
e950f025-4ac6-4399-b875-3bbc2f59ec44,10733-01,WHITE SQUARE TRIBAL JAR,https://fileserver-g-p.sourcerer.tech/files/38088cb7-2af4-4c9e-85e6-1b317cbaf1bb
138e9cfa-7773-4a79-b5fb-3b2d9a157085,10733-02,"TURQUOISE SQUARE TRIBAL JAR 19.5""",https://fileserver-g-p.sourcerer.tech/files/dad1dd37-08d0-43c5-a3b3-bdf85267cb0a
69b7401f-4fa3-4bf9-9bcc-f57cbe7c306a,10734,"CERAMIC ANTLER DECOR, BRONZE",https://fileserver-g-p.sourcerer.tech/files/4905f594-f20d-435b-a3b8-208813ac9393
9b0523d7-21e4-4fe1-879b-9c2947fb8617,10735,"CERAMIC ANTLER DECOR, BRONZE",https://fileserver-g-p.sourcerer.tech/files/acf9f01a-f169-4dd5-8f89-22aae1ba10fa
206fa403-5d88-406f-985e-6aded427b91b,10736,"DECORATIVE CERAMIC SEA URCHINVASE, PEARL",https://fileserver-g-p.sourcerer.tech/files/91bc06d0-5771-4c02-82b4-b3a0bcc19723
dc0e80a1-8912-4a62-9c1a-99b03eaedb1d,10737,"DECORATIVE CERAMIC SEA URCHINVASE, PEARL",https://fileserver-g-p.sourcerer.tech/files/7648375d-4f57-4fa8-aafb-e44e6668341a
f307168d-cd0f-4cd2-a80e-f3f4bb0f2e70,10738,"DECORATIVE CERAMIC SEA URCHINVASE, SILVER",https://fileserver-g-p.sourcerer.tech/files/7ba1f84c-6d74-4a5c-9d4e-82dd787396df
0cdc2bef-a16a-4df8-82ef-c90aa9ee165d,10739,"DECORATIVE CERAMIC SEA URCHINVASE, SILVER",https://fileserver-g-p.sourcerer.tech/files/23511f9e-1051-4058-8f2d-7d31a8de439f
79bd868e-51ce-437b-8e00-3141a44ed718,10740,"DECORATIVE CERAMIC VASE, GOLD",https://fileserver-g-p.sourcerer.tech/files/82a287b8-3bcb-4a5f-8cb7-df8c626e9a1b
608b2a25-121e-438c-b1d7-9f6d68ba5f9e,10741,"DECORATIVE CERAMIC VASE, GOLD",https://fileserver-g-p.sourcerer.tech/files/afe48e2d-b0c6-4277-a470-7706a89a5cc2
298fde9d-0aba-41d5-8d19-8296ca0ec988,10742,"DECORATIVE CERAMIC VASE, GOLD",https://fileserver-g-p.sourcerer.tech/files/416fb45d-a787-4879-b17e-0a4ee5b8adad
53ee8bde-1882-4894-b3ba-f655cdf8d047,10748,3/ASST CERAMIC VOTIVE CANDLE HOLDERS,https://fileserver-g-p.sourcerer.tech/files/f515c909-fc8c-403d-9cb9-39581bdbbe46
69b80485-64f0-48a5-9dbf-f725cef8000b,10749,SILVER CERAMIC LEAF PLATE,https://fileserver-g-p.sourcerer.tech/files/507f5d08-043b-4e00-9252-27e4841ba845
deabe9d6-a8ea-415e-8761-3caeedbeb2e7,10750,"BLUE/BLACK CERAMIC VASE 14""",https://fileserver-g-p.sourcerer.tech/files/5f62b034-19db-4baf-bab8-e4d59fce9121
dbd210ba-fa1c-4615-a359-af2bda60a0e0,10751,"DECORATIVE CERAMIC VASE, TAN/BROWN/BLACK",https://fileserver-g-p.sourcerer.tech/files/ebf81713-ab49-4084-9e79-6cd2e2fba36b
8068246c-6c81-46a5-bdad-3e07305b1d95,10752,"DECORATIVE CERAMIC VASE, TAN/BROWN/BLACK",https://fileserver-g-p.sourcerer.tech/files/cdeb47ae-2ae7-4276-89b2-282ec8239c67
81a6581e-d363-4160-ba09-9e27b3fe6d65,10753,"DECORATIVE CERAMIC VASE, TAN/BROWN/BLACK",https://fileserver-g-p.sourcerer.tech/files/4838e183-7ee0-4595-a3e0-43cb1511a539
308bd662-4ece-44f4-abda-eded09a5be20,10754,"BLUE/BLACK CERAMIC VASE 22.5""",https://fileserver-g-p.sourcerer.tech/files/394f71b0-b220-4481-a62c-23a027a445c8
65f5760b-80da-4e45-9e89-ea73f0f34b90,10755,"BLUE/BLACK CERAMIC VASE 19.7""",https://fileserver-g-p.sourcerer.tech/files/57cc75f5-51b6-4411-bb9d-1d2e573c3320
b86adb53-f29d-41f2-af40-b99601714104,10756,"DECORATIVE CERAMIC VASE, GRAY/CREAM",https://fileserver-g-p.sourcerer.tech/files/3774e3da-bc93-4982-b70b-2d325b2094fd
c1a7f636-626b-4370-813c-66c9134eed1b,10757,"DECORATIVE CERAMIC VASE, GRAY/CREAM",https://fileserver-g-p.sourcerer.tech/files/0971574e-4f06-4a6a-b39c-c902b3c8d7f8
e69082dc-9e54-4dc5-80c0-170ff262ee3c,10758,"DECORATIVE CERAMIC VASE, GRAY/CREAM",https://fileserver-g-p.sourcerer.tech/files/db0ddb5c-48de-429e-8d70-2405a0559ce2
865337d3-9d7d-4282-ad90-e967a22d1069,10759,"DECORATIVE CERAMIC VASE, GRAY/CREAM",https://fileserver-g-p.sourcerer.tech/files/9595f725-8e46-4521-a177-22138cb137d7
a0d13a91-f578-467b-afb0-1dd32013fcbf,10760,"DECORATIVE CERAMIC VASE, GRAY/CREAM",https://fileserver-g-p.sourcerer.tech/files/abc43a36-9b2b-4f3a-91e8-85810c097013
a25e6624-7949-42df-9a6a-442db2c9282a,10761,"DECORATIVE CERAMIC PUSSYWILLOWVASE, BLUE",https://fileserver-g-p.sourcerer.tech/files/e14c03f2-00dd-4222-961a-511b2c0505be
2ff706ff-fdd8-4d47-b09d-6982f25d3f6f,10762,"DECORATIVE CERAMIC PUSSYWILLOWVASE, BLUE",https://fileserver-g-p.sourcerer.tech/files/a6b744aa-4f62-48a0-8197-b728ec8bae4f
29d427b5-6e60-41aa-8e5d-a85a8ac835fa,10763,"DECORATIVE CERAMIC PUSSYWILLOWVASE, BLUE",https://fileserver-g-p.sourcerer.tech/files/14d3455e-56f7-4912-88a6-f71341f126f7
7c0580ae-2043-4b9f-857b-43c7aef90860,10764,"CERAMIC APPLE FIGURINE, SILVER",https://fileserver-g-p.sourcerer.tech/files/e7e0c8c1-f10d-4af4-8131-0813ba7ca29a
38905c2e-e173-45b2-8b8a-5952a2e4756b,10765,"CERAMIC PEAR FIGURINE, SILVER",https://fileserver-g-p.sourcerer.tech/files/4ebaa4ef-52e5-43f1-ae6e-d26c3f9884d7
b0266583-4b68-416b-b22f-78916458efb4,10766,"DECORATIVE CERAMIC VASE, SILVER/WHITE",https://fileserver-g-p.sourcerer.tech/files/f64d6b33-7c00-4572-bd9d-84587931e4e5
0e2e48e9-9982-46b0-8410-fd8a41f02df1,10767,"DECORATIVE CERAMIC VASE, SILVER/WHITE",https://fileserver-g-p.sourcerer.tech/files/d21326c4-504f-418b-922e-b0ce4788d404
482aabc4-156e-4225-b0d9-d6d7079a92b8,10768,SILVER CERAMIC CAT,https://fileserver-g-p.sourcerer.tech/files/004b9da1-fbbe-42f3-90e4-ffc7dd7771eb
4649e4cc-a789-4443-8de0-b185b39cef5b,10769,"EIFFEL TOWER COVERED JAR, GRAYGREEN",https://fileserver-g-p.sourcerer.tech/files/9c33b4a2-200b-432d-82d9-6ca8a346f8f1
742c20bd-80ef-4105-a0ba-a98b004a03dd,10770,"EIFFEL TOWER COVERED JAR, GRAYGREEN",https://fileserver-g-p.sourcerer.tech/files/2b046a5d-d7f9-47f6-a1c3-8bc6c7dcd58b
80d8c9f2-27cf-4824-bff5-dbaa5396e6c0,10771,"CERAMIC BOWL W/ CUTOUTS, COPPER",https://fileserver-g-p.sourcerer.tech/files/a5dd086c-91a1-42ef-b77e-c78d5c5117af
ea81855a-5643-4c2d-9c24-d89acaa8a149,10772,"CERAMIC BOWL W/ CUTOUTS, COPPER",https://fileserver-g-p.sourcerer.tech/files/29511c1b-0053-4ba6-9d14-4c3f1de47fc8
af70f909-6495-4b8e-89a6-2a1aaf85bcca,10773,"DECORATIVE COVERED JAR, SILVER",https://fileserver-g-p.sourcerer.tech/files/9aabf87c-d810-4159-afa6-5003939f4091
8e8b4449-4f96-4c1f-b31f-5c2daea90616,10774,"White Basket Weave Jar 16""",https://fileserver-g-p.sourcerer.tech/files/3ec3fdff-4913-42d4-a3bb-04abb11615c1
774b2669-78b5-4619-8f01-af6b7fd36089,10775,"White Basket Weave Jar 19.25""",https://fileserver-g-p.sourcerer.tech/files/f00a709a-0578-4c04-9787-46e826fa88bd
9f96e6c1-38b3-4662-9339-cf20601a332b,10776,"DECORATIVE CERAMIC VASE, SILVER",https://fileserver-g-p.sourcerer.tech/files/f3e636c4-f16d-44b4-ab74-55b93862a837
d2997699-f081-41d0-92db-83740d59491d,10777,"DECORATIVE CERAMIC VASE, SILVER",https://fileserver-g-p.sourcerer.tech/files/34b83355-53d2-448f-9b1e-c478e304a0ba
8ba7b39f-3cd8-405b-bbd6-6f909e6a9e95,10778,"DECORATIVE CERAMIC VASE, SILVER",https://fileserver-g-p.sourcerer.tech/files/e3a99332-d85b-4656-be35-69e11bdc228c
d2c51742-7e63-465d-ad1e-ef3eb0eaaf60,10779,"HORIZONTAL BAND CERAMIC VASE,SILVER",https://fileserver-g-p.sourcerer.tech/files/ede8837a-a5e6-4f57-bed2-928a8188cf16
950aad40-ee44-4331-8104-9e15c19405f5,10779D,"HORIZONTAL BAND CERAMIC VASE,SILVER",https://fileserver-g-p.sourcerer.tech/files/7caf0fc3-cb48-488e-bc99-5e552207480a
975ee9a3-ecf6-4e48-bae2-4a2913f7d6e2,10780,"HORIZONTAL BAND CERAMIC VASE,SILVER",https://fileserver-g-p.sourcerer.tech/files/04cd4396-d3e8-49be-a529-942c7a098781
b3dbe6cf-9e8b-4703-8444-d680847925c2,10780D,"HORIZONTAL BAND CERAMIC VASE,SILVER",https://fileserver-g-p.sourcerer.tech/files/6a76682e-0872-44ee-ac78-6bfe5596bbab
3eeab645-caae-4dc7-a8b5-41f7a415b60c,10781,"SILVER CERAMIC PINEAPPLE 7.25""",https://fileserver-g-p.sourcerer.tech/files/fd7d012c-ca09-4f39-a68b-c4c1227f0dad
b2e9cbd8-f667-4d77-80cf-fcfa46c9ee3f,10782,"SILVER CERAMIC PINEAPPLE 6""",https://fileserver-g-p.sourcerer.tech/files/07aea017-1f5c-4544-98f3-e9c445d240ca
3abfe851-32fd-4ac2-ae86-b0ded32cb6cd,10783,"EC, SILVER CERAMIC PUG DOG",https://fileserver-g-p.sourcerer.tech/files/b94fe5e0-5a52-4d4c-bec8-4fe44b5ff1c3
2fbf24ec-e693-48d8-b9ca-5ce1ff468ea5,10783DS,SILVER CERAMIC PUG DOG DS,https://fileserver-g-p.sourcerer.tech/files/bbe0731a-2be2-4f78-b8ee-b46f1b436cb1
e689fbc4-4fb0-4a98-82e2-723b25ed7448,10784,SILVER CERAMIC SCOTTIE DOG,https://fileserver-g-p.sourcerer.tech/files/45050f30-7095-4002-b85b-c58ab7d4c360
4bbf2b5b-5e53-4650-be08-9c9f63e5cc26,10785,SILVER CERAMIC PHONE BOOTH,https://fileserver-g-p.sourcerer.tech/files/2055c395-62b4-4ac6-831d-352c866b3350
608604e3-8a95-41fb-b61a-20ecab791b66,10786,SILVER CERAMIC FIRE HYDRANT,https://fileserver-g-p.sourcerer.tech/files/97324579-2602-48b9-96e2-be08339a253a
e6d8e6eb-904a-4000-8f36-50accccd204a,10788,"TURQUOISE/GOLD BOTTLE VASE 16.25""",https://fileserver-g-p.sourcerer.tech/files/898ff2ac-5d3a-4e89-b8d3-66ee2cf32c1d
8bf6b660-f9de-4b8d-8f41-552e166ee2d5,10789,"TURQUOISE/GOLD BOTTLE VASE 12.75""",https://fileserver-g-p.sourcerer.tech/files/6f9593ab-bba2-4b58-85d3-63c8fc2f8607
595d7d91-55b4-4db9-8abe-1c08776ebee9,10790,"TURQUOISE/GOLD BOTTLE VASE 10.25""",https://fileserver-g-p.sourcerer.tech/files/8800be61-d2d0-4cb7-bd36-824051a5a808
05e15f7b-43b3-443a-a3fe-bc313aa76c1d,10791,TURQUOISE/GOLD HOLE VASE 15,https://fileserver-g-p.sourcerer.tech/files/f7eeccd4-4cf5-4797-9011-d055af5909c7
2240ee30-0a7b-4ac0-93af-5ecb91f77432,10792,TURQUOISE/GOLD HOLE VASE 13.5,https://fileserver-g-p.sourcerer.tech/files/72a2f9f4-c112-4317-9612-4ac3f66f52c7
7228b22f-4cc1-4ec2-bfde-679d36101998,10793,BLACK/GOLD CANDLE HOLDER 10,https://fileserver-g-p.sourcerer.tech/files/d0018c52-0439-46b1-91c0-4d0b12865c68
df5bcb66-3b31-4386-a080-f540a01c185b,10794,BLACK/GOLD CANDLE HOLDER 7,https://fileserver-g-p.sourcerer.tech/files/b932327e-d5ef-4879-83ce-abaf7ef66aec
a2286a14-ab3b-4bfb-9dcf-0dd731ca65fe,10795,"TEALIGHT CANDLE HOLDER, CERAMIC, BLACK/GOLD",https://fileserver-g-p.sourcerer.tech/files/1a553783-f859-43ca-81cf-612b8c61abe1
6e463193-2420-40d3-ac8e-c81fa05b9453,10795D,"TEALIGHT CANDLE HOLDER, CERAMIC, BLACK/GOLD",https://fileserver-g-p.sourcerer.tech/files/fc7b09d8-b027-44b0-8c63-db5fbc72965a
b3792c6a-eab6-414d-89bc-02e3872455c0,10796,BLACK/GOLD BOTTLE VASE 14.5,https://fileserver-g-p.sourcerer.tech/files/84a763f1-da04-425c-8183-d01602dedebd
41e7284d-3c96-4097-9f52-7bc961447b53,10797,BLACK/GOLD BOTTLE VASE 11.5,https://fileserver-g-p.sourcerer.tech/files/e6c394b0-a057-44f7-a579-5dd29a1c389a
7df4ffef-bbac-4ecf-9faa-497b7bd8c03a,10798,BLACK/GOLD CERAMIC TRAY,https://fileserver-g-p.sourcerer.tech/files/e74b9259-c8ed-4952-983c-6d0845da1ec7
2f75e2a1-c198-493b-861f-69612a5af797,10799,TURQUOISE PLANTER W/ GOLD EDGE,https://fileserver-g-p.sourcerer.tech/files/52679db4-fc38-4523-b19c-b7438e3b23a1
8f12c924-403e-40d5-8da3-4d2c63066c70,10800,BABY BLUE PLANTER W/ GOLD EDGE,https://fileserver-g-p.sourcerer.tech/files/997264e3-8a96-441f-9180-9bfc2d3c8927
521f0e40-949b-491d-b863-a8fe129bf389,10801,PINK PLANTER W/ GOLD EDGE,https://fileserver-g-p.sourcerer.tech/files/9ea3ba06-1fe6-4d65-ae77-474b6d3fc9ea
823e6593-1d42-4414-b236-e57d2375998c,10802,"DECORATIVE CERAMIC COVERED JAR, LIGHT GREEN",https://fileserver-g-p.sourcerer.tech/files/950bd2b7-b94d-4fde-82bb-7210127d1a65
bac6cb12-5041-45b9-922a-7d6356bafbed,10803,"DECORATIVE CERAMIC COVERED JAR, LIGHT BLUE",https://fileserver-g-p.sourcerer.tech/files/4cafc445-f66d-466d-a58a-ca83b04613f4
9805de3e-6569-4885-978f-ccd51922d21b,10804,"DECORATIVE CERAMIC COVERED JAR, PINK",https://fileserver-g-p.sourcerer.tech/files/f60c7783-3706-454d-a2a4-3e5e3d1d74f6
2a500ee3-67f5-4821-bb68-39b24b2ac00e,10805,"DECORATIVE CERAMIC VASE, GOLD",https://fileserver-g-p.sourcerer.tech/files/8bd1ba64-4841-4977-83a3-2cc2f35c01e3
11ebf345-a59a-487e-8989-62126afb58a0,10806,"DECORATIVE CERAMIC VASE, GOLD",https://fileserver-g-p.sourcerer.tech/files/e46c85f8-ca5f-4dcb-b5ec-221119966dc8
bdf0cbeb-f845-4253-8367-76855eea65d4,10807,RIBBED GOLD CERAMIC VASE,https://fileserver-g-p.sourcerer.tech/files/7e12d854-7cb2-43b2-8d0b-1a3e94c2370c
99751c6d-4a6f-4bd1-82c0-61deb63ad772,10808,"DECORATIVE CERAMIC VASE, BLACK/GOLD",https://fileserver-g-p.sourcerer.tech/files/43d5b4b1-6688-45e5-93e8-729ed6e301f0
e0e336fe-51a1-476d-9ebb-b362bad9bf18,10809,"DECORATIVE CERAMIC VASE, BLACK/GOLD",https://fileserver-g-p.sourcerer.tech/files/ec296b74-532f-4be0-ae64-1971fbc94b15
bfe56eab-5277-420d-8522-56585b23baee,10810,"DECORATIVE CERAMIC VASE, BLACK/GOLD",https://fileserver-g-p.sourcerer.tech/files/21082204-c377-4adc-869b-bf4b384e26ff
b51354b9-3231-4926-b79f-b2bcf163d8c4,10811,"GEOMETRIC WHITE CERAMIC VASE 9.75""",https://fileserver-g-p.sourcerer.tech/files/496e3671-3ec2-4f12-b041-6ef4edf3f884
6bfacea3-421d-41c0-aa76-24058e96b942,10812,"GEOMETRIC WHITE CERAMIC VASE 6""",https://fileserver-g-p.sourcerer.tech/files/bf25404f-c76e-493a-bc5c-cb0e97bf06ed
f752e8e7-cc03-4da4-a123-7c80c0bd3ee0,10813,GEOMETRIC WHITE CERAMIC VASE,https://fileserver-g-p.sourcerer.tech/files/7fbf5453-3da2-4fe5-ae38-83ffa551d3c0
f87319a2-066c-4dbf-b529-930c72dc152a,10814,LARGE BLACK QUEEN CHESS PIECE,https://fileserver-g-p.sourcerer.tech/files/85ac74e8-7724-4c04-b0b9-ee1c4d2ac024
12268448-89f1-4642-9a03-5df4c307940a,10815,LARGE BLACK KNIGHT CHESS PIECE,https://fileserver-g-p.sourcerer.tech/files/c19640ad-30e8-4069-a140-569c7a527198
115c9fb5-b08d-4868-9ec1-5339728aac64,10816,LARGE BLACK KING CHESS PIECE,https://fileserver-g-p.sourcerer.tech/files/249c3ab5-d477-4855-a0f2-2c7804b7d942
6d74867a-0279-4d58-9094-c01404e17df0,10817,LARGE BLACK ROOK CHESS PIECE,https://fileserver-g-p.sourcerer.tech/files/82047afa-c585-4799-b066-48c7969d25e4
7d353e29-f5ba-4cc3-8452-8a16ff66e609,10818,LARGE WHITE QUEEN CHESS PIECE,https://fileserver-g-p.sourcerer.tech/files/5f030a2b-987a-4922-8e55-d518af9644c2
75d3a95e-20a2-42f2-af60-f559f8a4c0b4,10819,LARGE WHITE KNIGHT CHESS PIECE,https://fileserver-g-p.sourcerer.tech/files/25d6d36e-7501-4a57-933c-73b3c05a8e33
215d44f5-ddc1-4a4d-a5e8-ff6407f6c29f,10820,LARGE WHITE KING CHESS PIECE,https://fileserver-g-p.sourcerer.tech/files/a6faad28-4f65-4b8d-bbf0-faf0d2b5e287
8e82b983-51b4-4e22-8f05-90e160efaebe,10821,LARGE WHITE ROOK CHESS PIECE,https://fileserver-g-p.sourcerer.tech/files/7029587d-f199-49ef-a19c-1f86bb2db647
f764eaf9-9fa6-45e9-9804-23f7265d5b5f,10822,SMALL BLACK QUEEN CHESS PIECE,https://fileserver-g-p.sourcerer.tech/files/9ea57fc3-4fbb-42ab-bf0e-6776204034ff
68759161-0ecb-422a-a95a-5ff4e5dda4bd,10823,SMALL BLACK KNIGHT CHESS PIECE,https://fileserver-g-p.sourcerer.tech/files/08343319-312a-4d72-9c8f-4fd3b5f76359
e5976f65-6d1b-4ac4-a2ed-4273a04f4b0d,10824,SMALL BLACK KING CHESS PIECE,https://fileserver-g-p.sourcerer.tech/files/5e72e834-6c9d-4660-ad8f-b8dd454b52c0
90c4ba1a-a9fa-47ff-b937-6327aeb6f008,10825,SMALL BLACK ROOK CHESS PIECE,https://fileserver-g-p.sourcerer.tech/files/35a7bed3-ff1e-479b-a6c4-90c03e4daf85
3ebec6cc-0bbc-4e82-abca-3378736d9272,10826,SMALL WHITE QUEEN CHESS PIECE,https://fileserver-g-p.sourcerer.tech/files/091969db-1d6d-4a8c-9913-b5953234fb97
0e5f2255-841b-458a-986a-96e67d2dc32d,10827,SMALL WHITE KNIGHT CHESS PIECE,https://fileserver-g-p.sourcerer.tech/files/c676ade7-9101-4dfe-aa6d-6f0743ee9e59
d8acb2bc-a363-420d-ad7e-4a42ea7451ac,10828,SMALL WHITE KING CHESS PIECE,https://fileserver-g-p.sourcerer.tech/files/6fec1a0d-cfb4-40c3-a96e-76ac54d3d435
9fcf6499-bd0c-4688-bb14-31cd3be3ef67,10829,SMALL WHITE ROOK CHESS PIECE,https://fileserver-g-p.sourcerer.tech/files/414ac4e7-c086-415a-98dd-32e861c6db51
12236c77-39e7-436c-88ac-5d34bfd53319,10830,"DECORATIVE CERAMIC VASE, YELLOW/WHITE",https://fileserver-g-p.sourcerer.tech/files/efe0db23-3e43-4792-ad99-b4d08f8605b2
fb8de16f-1fa7-4dbe-929e-650978c36cab,10833,"CERAMIC VASE, YELLOW/WHITE/GRAY",https://fileserver-g-p.sourcerer.tech/files/114d71d3-9dd7-41ab-874a-a328bd7d750e
a1e33129-f909-4511-a523-e3f1d0d3c8d4,10833D,"CERAMIC VASE, YELLOW/WHITE/GRAY",https://fileserver-g-p.sourcerer.tech/files/b7f0d4ea-8979-4af8-882a-9f3d8b82f4b4
e6ee5bf0-13eb-421f-b4af-daaa60c12c93,10834,"VASE, CERAMIC, YELLOW/WHITE/GRAY",https://fileserver-g-p.sourcerer.tech/files/9bbc8663-933b-403b-8468-11389668771a
9afa4a27-c8b2-4723-8d98-06de33660e7f,10834D,"CERAMIC VASE, YELLOW/WHITE/GRAY",https://fileserver-g-p.sourcerer.tech/files/6d7168a5-5794-45a2-bcff-2539acc508c6
083e86e2-977b-4750-8cdb-73cd0ae6684e,10835D,"CERAMIC VASE, YELLOW/WHITE/GRAY",https://fileserver-g-p.sourcerer.tech/files/78518489-a278-417b-9dde-e360f0440d99
a240b54b-473e-45dd-9fed-1a19136a2392,10836,"TEALIGHT CANDLE HOLDER, CERAMIC, SILVER",https://fileserver-g-p.sourcerer.tech/files/741b66d0-d4c0-4838-9dcc-f7392b91dd17
0964f3b9-db11-4cf0-9b0e-e7ef8b09b50f,10836D,"TEALIGHT CANDLE HOLDER, CERAMIC, SILVER",https://fileserver-g-p.sourcerer.tech/files/d0b662f3-1802-4abd-9c60-8e3e3533c534
7a5ca1ef-644b-4ab4-9111-a1d0b4e3f83f,10837,SILVER CERAMIC STARFISH,https://fileserver-g-p.sourcerer.tech/files/15354377-b989-4300-b8f7-b1ead1ed151c
e327c411-2082-4fb2-b653-4f73784310c6,10838,"TEALIGHT CANDLE HOLDER, CERAMIC, SILVER",https://fileserver-g-p.sourcerer.tech/files/0c777e9a-6bec-41ce-b756-e76a3b820684
0c369ad9-c30c-42ea-b4ea-0e7bbe9f513b,10838D,"TEALIGHT CANDLE HOLDER, CERAMIC, SILVER",https://fileserver-g-p.sourcerer.tech/files/ead3e86f-c298-4701-952f-99a82ba91944
0dd9ed1e-f7f4-4968-99c0-4bda70753584,10839,SILVER CERAMIC OWL,https://fileserver-g-p.sourcerer.tech/files/b47efd02-3398-4050-8f9e-a8c8c59e2180
b9cec42a-d7cb-4c67-b066-46c8e6db0c32,10840,SILVER CERAMIC EIFFEL TOWER,https://fileserver-g-p.sourcerer.tech/files/16754291-5f30-441e-9430-e7d4b6aedc0c
8f5e9d9f-761d-4a41-a61a-e1c7509c078c,10841,"CERAMIC HAMMERED SILVER PLATE15.5""",https://fileserver-g-p.sourcerer.tech/files/287e8822-b382-4322-b037-157ad0f253dd
24fda207-9d09-41e3-9d1f-aa6d4b9689c6,10842,CERAMIC HAMMERED SILVER PLATE12.5,https://fileserver-g-p.sourcerer.tech/files/82abb199-6223-4a92-b3e7-0c5e6cd6293e
bec163f3-4336-4c52-9891-2f54b3318dff,10843,DECORATIVE CERAMIC TEALIGHT CANDLE HOLDER,https://fileserver-g-p.sourcerer.tech/files/31ef059d-fe1a-4ab8-a135-3e3256f8f517
005ca832-3838-4552-a20a-aee691f8a46b,10844,DECORATIVE CERAMIC TEALIGHT CANDLE HOLDER,https://fileserver-g-p.sourcerer.tech/files/b09aac02-3729-4771-8266-728b3fc05d09
ed8e96f4-0580-4c0a-ab81-710d6140f9eb,10845,DECORATIVE CERAMIC TEALIGHT CANDLE HOLDER,https://fileserver-g-p.sourcerer.tech/files/58abd653-ac8a-4f55-a8e6-9f29210f526e
c56fbe64-637d-479f-bda2-b45e5eb53a23,10846,DECORATIVE CERAMIC TEALIGHT CANDLE HOLDER,https://fileserver-g-p.sourcerer.tech/files/4a12c00d-f0c6-457c-b1e5-be5651bd0ca8
67ae3392-69fd-4cea-8ed5-4c8a8703bea9,10847,"HAMMERED TRAY, CERAMIC, BRONZE",https://fileserver-g-p.sourcerer.tech/files/d3c235c6-01ef-41ff-a075-b484d8f52214
60850b0c-fff1-4129-923d-ff09613b08bd,10847D,"CERAMIC HAMMERED DECORATIVE TRAY, BRONZE",https://fileserver-g-p.sourcerer.tech/files/84805c96-0bf7-4a74-98ef-273ea2d041d4
f821f5b5-3120-4e0e-82cf-8f611c186f09,10848,"CERAMIC HAMMERED VASE, BRONZE",https://fileserver-g-p.sourcerer.tech/files/cdb632d9-ffb1-4c17-81d7-f9ecb6281847
f9d306fc-c35f-4fc7-95d0-a99bb5333460,10848D,"CERAMIC HAMMERED VASE, BRONZE",https://fileserver-g-p.sourcerer.tech/files/c436b684-bca5-44de-aa8b-7088c54b2896
1ee49fd3-c389-493e-8855-562c2cf8939a,10849,"CERAMIC HAMMERED VASE,BRONZE",https://fileserver-g-p.sourcerer.tech/files/c5885494-d3b9-40ed-94db-912c11bc3316
1600255d-6079-446d-b101-0dd3e942166f,10849D,"CERAMIC HAMMERED VASE, BRONZE",https://fileserver-g-p.sourcerer.tech/files/81c4ac70-c30e-4261-9d33-d8fa0cae5140
47e8ef6f-daac-44b2-9c80-6e0f4b645fd7,10850,"SCULPTURE, CERAMIC, BRONZE",https://fileserver-g-p.sourcerer.tech/files/e4e7b9b6-9f5a-4480-988c-2b5a90bc644a
0560ce7b-803c-480e-a01f-1bc43fa5ac87,10850D,"HAMMERED CERAMIC SCULPTURE, BRONZE",https://fileserver-g-p.sourcerer.tech/files/135095bd-bed8-462f-9b37-72f40516bee1
f56a6cb1-8205-47ad-8eba-c9451d02362d,10851,SILVER CERAMIC WIDE LEAF TRAY,https://fileserver-g-p.sourcerer.tech/files/0d1d0739-5aba-4952-a665-87ca45b03781
c58b9905-2a56-4a40-b146-4d13d2df44dc,10852,"SILVER CERAMIC ANCHOR 10""",https://fileserver-g-p.sourcerer.tech/files/095c7a8d-53ad-4045-9cd8-506721190bde
30c76879-d192-43f8-ae2f-8a06eccd0eff,10852-01,"WHITE CERAMIC ANCHOR 10""",https://fileserver-g-p.sourcerer.tech/files/3e2370e3-0abf-45df-8c78-3ceef50d8fdf
0581aea8-237e-4d74-8851-be42b47bb03b,10853,"SILVER CERAMIC ANCHOR 13""",https://fileserver-g-p.sourcerer.tech/files/a643e857-54ff-454e-b088-9c0e9221a517
85737b68-0bbb-4f77-8529-64ac1b37e5f8,10854,"SILVER CERAMIC SAILBOAT 13""",https://fileserver-g-p.sourcerer.tech/files/055ab915-79f6-497c-b903-8125d4f5f418
920fceb0-b553-4733-8b65-1078b24a87b5,10854-01,"WHITE CERAMIC SAILBOAT 13""",https://fileserver-g-p.sourcerer.tech/files/8e3a0fd5-6b28-4d64-8cae-7ede644ecb93
21ad5f27-4112-4306-be12-00d2276a1c62,10855,"SILVER CERAMIC SAILBOAT 8""",https://fileserver-g-p.sourcerer.tech/files/694306e5-1b0b-4d63-9e39-16a28698873f
a3fc869d-3682-47ea-8e6d-96ed8f106001,10855-01,"WHITE CERAMIC SAILBOAT 8""",https://fileserver-g-p.sourcerer.tech/files/00dad627-ad11-44df-9da8-2fe23f81c702
4ab8c8c2-e4f6-48d4-a182-18ea05355982,10856,CERAMIC HAMMERED SILVER TRAY,https://fileserver-g-p.sourcerer.tech/files/f126a025-ae1f-461a-b81a-4bc164236139
1504f8c9-ed37-4393-82ba-b8a5c161694a,10857,"CERAMIC HORSE HEAD DECOR, SILVER",https://fileserver-g-p.sourcerer.tech/files/aca451cc-ef3f-48e0-a588-2f1722cb349a
d772ae3b-38ba-4269-9caa-0c871fb5213c,10858,SILVER CERAMIC AMPERSAND,https://fileserver-g-p.sourcerer.tech/files/312501e1-1a8e-4aea-82be-87ee7c2e0533
2deb640c-894c-4eaf-8db4-72a54f654218,10859,TURQUOISE CERAMIC TRAY W/ GOLDEDGE,https://fileserver-g-p.sourcerer.tech/files/8366bda0-1ff6-4c8f-b379-7614e687176c
6589caed-1526-4f89-a95b-8772d5511f51,10860,"DECORATIVE CERAMIC TRAY, LIGHTBLUE",https://fileserver-g-p.sourcerer.tech/files/707ed3ef-56d2-4f9e-a92d-a1e84b1d328f
51b957f6-0d1e-49be-9286-a1385b22ba63,10861,"DECORATIVE CERAMIC TRAY, PINK",https://fileserver-g-p.sourcerer.tech/files/f3436d37-3b9f-4787-8e25-937402e0386e
4bd91d78-280c-4b9e-8297-5c96e84a5e29,10862,"DECORATIVE CERAMIC VASE, SILVER",https://fileserver-g-p.sourcerer.tech/files/100d98ad-430c-4bf7-b481-1aabb16ad66b
ce8e42c9-bd69-488b-8fbd-02fa79ad82fd,10863,"DECORATIVE CERAMIC VASE, SILVER",https://fileserver-g-p.sourcerer.tech/files/9383198d-7df9-46da-9ff6-48b706079d17
7f8b45c8-c152-47db-9976-1ea89a39f042,10864,"DECORATIVE CERAMIC VASE, WHITE",https://fileserver-g-p.sourcerer.tech/files/13b28ea2-4c05-42da-9cf6-ce0eec7b1082
6efeb77d-47d1-40ec-9eb1-15c2201a5a5f,10865,"DECORATIVE CERAMIC VASE, WHITE",https://fileserver-g-p.sourcerer.tech/files/95937e17-ec30-45d3-b958-96fa73d1ec49
b582b004-185f-40cf-96e7-40e64464c2e8,10866,"DECORATIVE CERAMIC VASE, WHITE",https://fileserver-g-p.sourcerer.tech/files/47c74766-1192-4542-bcd6-d5f172e3c039
6965c0e8-2ecb-4e50-a6fc-e91f6d62319d,10867,"VASE W/CUTOUTS, CERAMIC, GREEN",https://fileserver-g-p.sourcerer.tech/files/b16a0eb5-20fb-4d17-b0ab-7d7ecc7ea63e
68c365de-1ca4-4f08-b7d6-2e0a0780f7d0,10867D,"CUTOUT CERAMIC VASE, GREEN",https://fileserver-g-p.sourcerer.tech/files/954a1329-08c1-40ef-8f7f-a5bcaec60521
4eeb039c-7582-41a4-86af-bbc2b90a4207,10868,"VASE W/CUTOUTS, CERAMIC, BEIGE",https://fileserver-g-p.sourcerer.tech/files/18fd32e1-4bab-4c67-b5cd-c8f67ce6ed52
e80a6452-a6bc-45fd-8829-a229ca8166ad,10868D,"CUTOUT CERAMIC VASE, BEIGE",https://fileserver-g-p.sourcerer.tech/files/d1b006b3-014f-478f-8d09-3b3719f20acc
ba055f48-3cf3-4341-b038-ad542afe4daf,10869,"VASE W/CUTOUTS, CERAMIC, GRAY",https://fileserver-g-p.sourcerer.tech/files/44462c92-5076-4e52-95be-a6e50617583c
47f9dfa4-b300-48af-824b-c12e04c1fa24,10869D,"CUTOUT CERAMIC VASE, GRAY",https://fileserver-g-p.sourcerer.tech/files/c49e51a3-0472-4f0e-80c1-12d63433bce3
12c01ccd-724a-4f27-9aa8-3f3c153f7bbf,10870,WHITE ZIG ZAG JUG VASE 12,https://fileserver-g-p.sourcerer.tech/files/63a3eb46-f347-4719-a744-c1cc2d117d3a
86fa7118-4661-4e0b-9723-e09107c85594,10871,WHITE ZIG ZAG JUG VASE 7.5,https://fileserver-g-p.sourcerer.tech/files/841172c4-b9d6-4f39-8e55-b4d35290ebd7
a55e15b8-176f-4238-b562-04cc9dc05c52,10872,WHITE ZIG ZAG JUG VASE 15.75,https://fileserver-g-p.sourcerer.tech/files/d0c610a3-0082-4f0d-a081-7d476fc84016
27427474-d070-42bd-abc8-bb873a263c6f,10873,S/2 EIFFEL TOWER BOOKENDS,https://fileserver-g-p.sourcerer.tech/files/4b216178-e661-41cf-b216-444e646897ec
c676e576-1e2b-4c02-839e-0afc64be05f2,10874,"DECORATIVE CERAMIC PEANUT BOX,SILVER",https://fileserver-g-p.sourcerer.tech/files/121e4663-3c6c-4f39-91c3-6062ea1112f2
03fa6ba2-3aa5-4109-9a0c-54f1f11fbca0,10874-01,GOLD CERAMIC PEANUT BOX,https://fileserver-g-p.sourcerer.tech/files/2474246f-54c8-4a7d-ba75-2aab2b4fe474
35065a5b-71db-456b-9fc9-6515f51c460f,10875,"DECORATIVE CERAMIC VASE, SILVER",https://fileserver-g-p.sourcerer.tech/files/ad8dcc72-560b-41fd-8eea-b3208142bbc6
9691b662-a43f-4b30-be70-29c751c296e4,10876,"DECORATIVE CERAMIC VASE, WHITE/BLUE",https://fileserver-g-p.sourcerer.tech/files/d3494f9f-93db-4bef-ba3b-128ab1a1ba11
a9a2d934-d12f-4ffd-9975-610c0835ebbd,10877,"DECORATIVE CERAMIC VASE, WHITE/BLUE",https://fileserver-g-p.sourcerer.tech/files/3f4bce5c-f4b6-4bef-805c-61e069213b8e
23de4ad7-c7ad-4644-8fb3-36130b31cce8,10878,"DECORATIVE CERAMIC VASE W/CUTOUTS, GOLD",https://fileserver-g-p.sourcerer.tech/files/b610c359-2bd2-4662-92b9-0351c5f08fb9
63697f1c-ba9c-45af-a05b-f6fa50ad44f0,10879,"DECORATIVE CERAMIC VASE W/CUTOUTS, GOLD",https://fileserver-g-p.sourcerer.tech/files/4c3922fe-3ddf-4bfa-9f09-4991fdb0f7eb
d68749d6-7b7a-4dcc-8615-1c7d10b932de,10880,"DECORATIVE CERAMIC VASE, GOLD",https://fileserver-g-p.sourcerer.tech/files/e00aae96-1f27-4740-b57f-1e453c51cf13
6f651a51-54a1-4c31-b3d2-81ba27e71854,10881,"DECORATIVE CERAMIC VASE, GOLD",https://fileserver-g-p.sourcerer.tech/files/d91c6ada-d479-4e47-ac86-9fc97259f5ab
deba45da-a557-4a6c-952d-4c82cb12272b,10882,"DECORATIVE CERAMIC VASE, GOLD",https://fileserver-g-p.sourcerer.tech/files/67b80423-6f12-4f13-849c-a82e4f74bca4
b8985bf5-196c-4711-9b55-d1462b79889f,10883,"ANTIQUE SILVER CERAMIC VASE 11.5""",https://fileserver-g-p.sourcerer.tech/files/8822568d-6e35-4fc9-8305-dabe255fef04
14f2f865-f061-49dc-a930-5632b876286f,10884,"ANTIQUE SILVER CERAMIC VASE 7.2""5",https://fileserver-g-p.sourcerer.tech/files/873e7e42-2d2d-493a-9643-ae2fe5f84937
2b2ef604-c5a4-43da-a18e-d6af270d1b5a,10885,ANTIQUE SILVER CERAMIC VASE 9,https://fileserver-g-p.sourcerer.tech/files/daa13c00-6e00-43f4-9d2b-0390580a87c6
d461581e-d65b-4d42-b650-cf6480fa4bf1,10886,"WHITE CERAMIC LEAF VASE 11""",https://fileserver-g-p.sourcerer.tech/files/cc976fe7-1dce-4e00-a859-b7f181b9a92b
41823ec8-25ac-4462-8d7d-888061820e27,10887,"WHITE CERAMIC LEAF VASE 13.75""",https://fileserver-g-p.sourcerer.tech/files/6a41bd09-0ce2-4196-9fc9-ea9edabb7ae9
1b16e13b-aa3f-42c4-8e15-986bc0523cf2,10888,"TRIPLE OWL VASE, TURQUOISE",https://fileserver-g-p.sourcerer.tech/files/bc4b47c6-8e4b-4d64-995b-db1315595e9e
66ffcb12-25ee-4ec6-b386-989d56730498,10889,SILVER CERAMIC PIG,https://fileserver-g-p.sourcerer.tech/files/440dfb6b-440f-441d-96c4-c24e9ebca8a3
a20ceade-2e46-4036-90d9-eb8ee1d24c27,10890,GOLD CERAMIC PIG,https://fileserver-g-p.sourcerer.tech/files/477ee1f8-eee4-425c-a0a2-163aaebdd7c7
b46156e8-184f-4a86-ae58-ae44c9c917ce,10891,BRONZE CERAMIC PIG,https://fileserver-g-p.sourcerer.tech/files/77a54f9c-f87c-415c-8e33-c57a74e315b3
e7a1b3e7-50ce-48d9-ab01-96b6c9ff868a,10892,WHITE CERAMIC PIG,https://fileserver-g-p.sourcerer.tech/files/7cfbbaba-3736-4bad-b6fc-0e98b1aae777
1dc83abb-c30e-4ad0-b408-1e79091a7345,10893,BLACK CERAMIC PIG,https://fileserver-g-p.sourcerer.tech/files/d6576f99-c26b-4486-b915-d5675d4e5aba
66de2773-8383-4203-af0b-473fda70e763,10895,"CERAMIC PHOTO FRAME, ANTIQUE GREEN",https://fileserver-g-p.sourcerer.tech/files/f4be3717-de76-459a-95f6-f7e5511a48c1
9776e913-9e04-4656-9532-e5deba1f10fe,10896,"CERAMIC PHOTO FRAME, WHITE",https://fileserver-g-p.sourcerer.tech/files/67b96792-0da3-43a0-86bc-690914440a6b
52045cab-a6c0-4dcb-9e15-266161efde89,10897,"CERAMIC PHOTO FRAME, SILVER",https://fileserver-g-p.sourcerer.tech/files/ef4321f1-4712-4b6e-b0cf-54f658224016
20c8015c-9e73-4959-9718-a62fcb112508,10898,"CERAMIC PHOTO FRAME, SILVER",https://fileserver-g-p.sourcerer.tech/files/5ee06dec-3ea2-4d15-90bd-27e927936d6d
346740f3-8a8d-4a3b-8843-287e16264f67,10899,"CERAMIC PHOTO FRAME, ANTIQUE WHITE",https://fileserver-g-p.sourcerer.tech/files/2bd2661e-8cf4-4bea-8d3b-46c98fdf705b
d4337adf-e948-4fd3-8504-b0166168e393,10900,WHITE CERAMIC BUDDHA HEAD,https://fileserver-g-p.sourcerer.tech/files/54ab2543-096c-4e44-966f-5b6a632605fc
c986eef9-f864-4e2d-b6ce-2d510904d590,10901,"10"", WHITE CERAMIC SEATED BUDDHA",https://fileserver-g-p.sourcerer.tech/files/3e48926f-5a49-40fc-831f-d5f5f2f4229d
c5b1be2e-9eac-4029-bf79-3ffb9293a35d,10901-01,"10"", BLACK CERAMIC SEATED BUDDHA",https://fileserver-g-p.sourcerer.tech/files/09b2035a-745e-4e22-b7d1-dd7b77907281
ded41a12-7246-4937-9661-a913498616f4,10901-02,"10, NAVY BLUE CERAMIC SEATED BUDDHA",https://fileserver-g-p.sourcerer.tech/files/292d243a-ad9d-4254-815b-50c54981af51
963d2fa9-0f86-4de9-b5a7-30e33c3a5fa8,10902,SILVER CERAMIC @ SYMBOL,https://fileserver-g-p.sourcerer.tech/files/61235194-d701-41ae-8b6f-1c6031f07c2d
a2675944-fc93-4925-ae86-b0e57e30cff6,10904,GOLD WIRE WALL DECOR 31.75,https://fileserver-g-p.sourcerer.tech/files/dd9d49ca-7114-4cf5-9225-26ad914f6fbf
aa642224-d970-4fea-a2a1-5d486038c5bf,10905,GOLD WIRE WALL DECOR 30,https://fileserver-g-p.sourcerer.tech/files/19fd37db-06a8-4a42-9473-a7bd4830137a
447f21e6-9576-4e3b-a80b-c371eca49363,10906,BE BRAVE WALL ART,https://fileserver-g-p.sourcerer.tech/files/a965d15e-637b-4ba3-a597-c64525ed78ca
5e7ce1fc-6cbd-497e-afac-a168ea7ac97c,10906D,WOODEN WALL ART,https://fileserver-g-p.sourcerer.tech/files/7ae6b4d2-bfc1-4820-8194-6a6ba6e9965e
32fed6c8-4b7f-4cf0-ac37-a5bd8daf2753,10907,"WALL ART, ""LOVE"", WOOD, NATURAL",https://fileserver-g-p.sourcerer.tech/files/592bfe56-3bc9-42f5-8c48-6f5daa88c63d
c64942c9-0497-48b4-9a1b-4df1dbed2a5a,10907D,"WOODEN WALL ART,",https://fileserver-g-p.sourcerer.tech/files/913c9b33-57dd-48b7-8a5d-ed7b89fc40e1
2280668d-4fe2-4634-88b8-7a6d7f2b0bf0,10908,"METALLIC CIRCLE WALL ART, NATURAL",https://fileserver-g-p.sourcerer.tech/files/51483094-43ea-4839-a827-e29a5559cddd
28ea6ff1-01d8-444d-8c82-3fd90e5829f3,10909,"METALLIC SQUARE WALL ART, NATURAL",https://fileserver-g-p.sourcerer.tech/files/dd1bd27f-9d42-4481-8eda-1f2310517e8b
0775e3c9-5def-4514-a4ae-c1da4f3b3280,10910,"GOLD CIRCLES WALL ART, NATURALWOOD FRAME",https://fileserver-g-p.sourcerer.tech/files/b92d0643-cd86-4ab2-8743-7bddef213399
7c9f5499-424b-4538-ad31-d7aee4372fe5,10911,GOLD HORSESHOE TABLE SCULPTURE,https://fileserver-g-p.sourcerer.tech/files/93ddd667-8555-4873-8863-26172c75c01a
9f2f733c-2cb2-4ef6-a2ab-c6c7edfbd016,10914,"METAL TRI SUPPORT ACCENT TABLE, GOLD",https://fileserver-g-p.sourcerer.tech/files/3c3ccaa7-9e26-4416-9587-138b5066e92d
61e960d2-5bf6-4877-8b4e-6fb676d94bf9,10915,"METAL COAT RACK, ANTIQUE GOLD",https://fileserver-g-p.sourcerer.tech/files/9c082df2-2519-43fe-9355-17154204a806
9d6223a2-85b5-457a-8d1c-88be0eb6b4d2,10916,"METAL CIRCLE SCULPTURE MIRROR,GOLD",https://fileserver-g-p.sourcerer.tech/files/33666e04-0ebe-4398-87c3-9e4a12009af3
f7417049-0f2c-4a76-9d87-0de150763318,10917,"METAL WALL SHELF/ORGANIZER, GRAY",https://fileserver-g-p.sourcerer.tech/files/d73303e2-ec67-43d0-ac4c-0e86c1afff55
4dcb8874-8692-4082-987a-17c5f771d4af,10918,"RUSTIC WOOD CHEST, NATURAL",https://fileserver-g-p.sourcerer.tech/files/498d765f-c0a8-4c74-896a-2373aae5ba9a
681f326b-3e42-41ed-96f9-98ea0658551c,10919,"RUSTIC WOOD DRESSER, NATURAL",https://fileserver-g-p.sourcerer.tech/files/7b91813f-4fcb-4eb4-8ecf-374d83f014c4
146939a7-91ac-4333-8eb8-1e3511040226,10920,"METAL QUOTE SCULPTURE, SILVER",https://fileserver-g-p.sourcerer.tech/files/8ab8ef8d-385f-4966-84aa-c2f5f7daf0a8
7363b497-966e-4726-82a6-ff92a3454b93,10921,"METAL QUOTE SCULPTURE, BRONZE",https://fileserver-g-p.sourcerer.tech/files/bd336436-ab4d-416a-b83b-bd528e669b0d
13708356-dfb7-4c76-b5f1-dc3af4954235,10922,"FLORAL DESIGN WOODEN TRAY, NATURAL",https://fileserver-g-p.sourcerer.tech/files/11a079a2-bbae-4d7b-9868-964803345110
a18d46ad-1ff7-4463-b743-eb4dfc4c61cb,10923,BRONZE METAL HEXAGON MIRROR,https://fileserver-g-p.sourcerer.tech/files/cc20bdbf-223f-4d7d-9ee3-16c45fa4a2cc
c4175cae-af96-4f7d-a653-29f89c9efff5,10923-01,"METAL GEO FRAME MIRROR, GOLD,WINDOW BOX",https://fileserver-g-p.sourcerer.tech/files/9bfa2706-8995-4f3d-bf40-e7ecaf7d1ef7
43a44357-cc98-4d47-87e2-0fec083b66e6,10924,"S/2 ROUND METAL ACCENT TABLES, WOOD TOP",https://fileserver-g-p.sourcerer.tech/files/c73bef3f-b68e-443f-9c0d-9f0baf289cc0
ff0c8273-6af9-4c2c-b4e8-6a3b2c867bb0,10925,"DIMPLED GOLD VASE W/ HANDLES 19.75""",https://fileserver-g-p.sourcerer.tech/files/96d7c66c-70cf-4f86-9626-5a30c45f7c86
1b3e455a-204e-4ce0-afc5-c67ff5be36b9,10926,"DIMPLED GOLD VASE W/ HANDLES 16""",https://fileserver-g-p.sourcerer.tech/files/25af9a9f-6b37-490b-ba61-5f5654d5b5f4
445a3b7e-a41d-451f-a80d-3c1de16c1f90,10927,"DIMPLED GOLD VASE W/ HANDLES 11.75""",https://fileserver-g-p.sourcerer.tech/files/a6518734-d774-4501-9ae8-ac324f43ea45
ca2d0c5d-9d35-41b4-b27e-dd4326c1a6d4,10928,"METAL & WOOD SERVING CART, BLACK",https://fileserver-g-p.sourcerer.tech/files/849f388b-32b9-491b-bba2-5f1e37706702
5fdea201-08e7-4ec1-9de5-6dc9ab4c0f9c,10929,S/2 WOOD/METAL BAR CART & TABLE,https://fileserver-g-p.sourcerer.tech/files/43185c37-376a-44d4-af5b-6edb741a9e1c
afdb0dd9-f1fa-4728-95c8-81d16551a9e3,10931,METAL WALL ORGANIZER: BASKETS/HOOKS,https://fileserver-g-p.sourcerer.tech/files/58f51c23-2f99-4ee1-806e-65524e16050b
ddcc64c4-3bd0-4d74-a08d-9b3480e55a45,10932,"METAL WALL BASKET, BLUE",https://fileserver-g-p.sourcerer.tech/files/e491c68c-5ba1-4a1e-9227-6574afce3a98
1b3a5546-1ded-43db-bbeb-40a5bfc65b73,10934,"METAL WALL BASKET, PINK",https://fileserver-g-p.sourcerer.tech/files/15af2353-4186-4492-924f-172eaa5a7fb8
28ef1e4f-ba74-460e-b6b4-86af8613be04,10935,"METAL WALL BASKET, GREEN",https://fileserver-g-p.sourcerer.tech/files/9e227a49-604a-47b6-a866-62140b6141bd
57717da6-297c-4954-a4e2-ca0b6109bf29,10938,BRONZE HEXAGON MIRROR,https://fileserver-g-p.sourcerer.tech/files/680dece7-ec38-4295-828a-83b7eceb2b40
823ac2d4-c76f-4678-a1e2-b476989fc456,10939,GOLD HEXAGON MIRROR,https://fileserver-g-p.sourcerer.tech/files/1609f1a7-4ba0-4e2a-8998-c521da46f2d9
54cefa60-9675-4346-b208-3873fa3f7462,10940,SILVER HEXAGON MIRROR,https://fileserver-g-p.sourcerer.tech/files/ea9395e9-f79f-4dfb-a68f-3848d6af95e9
3215cfeb-c366-44db-a48b-ff4d5ff5aa49,10941,"ALUMINUM SPLIT GLOBE WALL ART,WOOD FRAME",https://fileserver-g-p.sourcerer.tech/files/900cf41f-0642-4a63-b9ba-547d50281eef